"Date","Price","Open","High","Low","Vol.","Change %"
"Jan 31, 2022","0.3318","0.3302","0.3348","0.3095","45.30M","0.48%"
"Jan 30, 2022","0.3302","0.3198","0.3433","0.3148","55.26M","3.24%"
"Jan 29, 2022","0.3198","0.3131","0.3235","0.3096","47.11M","2.15%"
"Jan 28, 2022","0.3131","0.3016","0.3135","0.2927","47.48M","3.81%"
"Jan 27, 2022","0.3016","0.2891","0.3037","0.2796","59.64M","4.33%"
"Jan 26, 2022","0.2891","0.2792","0.3127","0.2748","77.78M","3.54%"
"Jan 25, 2022","0.2792","0.2732","0.2803","0.2611","63.31M","2.21%"
"Jan 24, 2022","0.2732","0.2938","0.2938","0.2400","88.90M","-7.03%"
"Jan 23, 2022","0.2938","0.2682","0.3024","0.2665","66.02M","9.64%"
"Jan 22, 2022","0.2680","0.2941","0.2983","0.2337","98.21M","-8.87%"
"Jan 21, 2022","0.2941","0.3498","0.3604","0.2866","79.88M","-15.95%"
"Jan 20, 2022","0.3499","0.3686","0.3811","0.3481","39.99M","-5.09%"
"Jan 19, 2022","0.3686","0.3875","0.3889","0.3616","34.80M","-4.87%"
"Jan 18, 2022","0.3875","0.3982","0.3983","0.3792","32.60M","-2.69%"
"Jan 17, 2022","0.3982","0.4108","0.4134","0.3900","36.10M","-3.08%"
"Jan 16, 2022","0.4109","0.4142","0.4157","0.4023","27.63M","-0.80%"
"Jan 15, 2022","0.4142","0.4039","0.4149","0.4005","26.61M","2.55%"
"Jan 14, 2022","0.4039","0.3979","0.4118","0.3935","33.65M","1.49%"
"Jan 13, 2022","0.3979","0.4196","0.4221","0.3955","35.28M","-5.15%"
"Jan 12, 2022","0.4196","0.4061","0.4200","0.3951","38.96M","3.34%"
"Jan 11, 2022","0.4060","0.3929","0.4221","0.3799","52.66M","3.32%"
"Jan 10, 2022","0.3930","0.4185","0.4224","0.3690","34.86M","-6.10%"
"Jan 09, 2022","0.4185","0.4059","0.4241","0.4017","21.04M","3.09%"
"Jan 08, 2022","0.4059","0.4117","0.4318","0.3966","27.48M","-1.40%"
"Jan 07, 2022","0.4117","0.4388","0.4411","0.4007","46.13M","-6.18%"
"Jan 06, 2022","0.4388","0.4332","0.4430","0.4151","31.00M","1.29%"
"Jan 05, 2022","0.4332","0.4645","0.4785","0.4139","27.88M","-6.74%"
"Jan 04, 2022","0.4645","0.4759","0.4826","0.4590","23.43M","-2.39%"
"Jan 03, 2022","0.4759","0.4979","0.5090","0.4656","30.74M","-4.28%"
"Jan 02, 2022","0.4972","0.4592","0.5239","0.4580","59.31M","8.39%"
"Jan 01, 2022","0.4587","0.4491","0.4608","0.4465","10.91M","1.96%"
"Dec 31, 2021","0.4499","0.4549","0.4670","0.4402","20.43M","-1.10%"
"Dec 30, 2021","0.4549","0.4437","0.4641","0.4337","18.91M","2.41%"
"Dec 29, 2021","0.4442","0.4516","0.4750","0.4328","28.77M","-1.64%"
"Dec 28, 2021","0.4516","0.5114","0.5132","0.4516","30.56M","-11.69%"
"Dec 27, 2021","0.5114","0.5006","0.5173","0.4954","19.37K","2.17%"
"Dec 26, 2021","0.5006","0.5082","0.5098","0.4940","12.55K","-1.51%"
"Dec 25, 2021","0.5082","0.4884","0.5187","0.4843","8.98K","4.06%"
"Dec 24, 2021","0.4884","0.4954","0.5207","0.4578","50.28K","-1.40%"
"Dec 23, 2021","0.4954","0.4644","0.4954","0.4462","26.04K","6.67%"
"Dec 22, 2021","0.4644","0.4557","0.4651","0.4540","103.83K","1.91%"
"Dec 21, 2021","0.4557","0.4526","0.4872","0.4405","9.27K","0.68%"
"Dec 20, 2021","0.4526","0.4739","0.4739","0.4235","176.45K","-4.50%"
"Dec 19, 2021","0.4739","0.4757","0.4842","0.4727","21.69K","-0.37%"
"Dec 18, 2021","0.4757","0.4708","0.4899","0.4572","45.13K","1.04%"
"Dec 17, 2021","0.4708","0.4571","0.4915","0.4550","322.46K","3.00%"
"Dec 16, 2021","0.4571","0.4630","0.4940","0.4571","108.17K","-1.29%"
"Dec 15, 2021","0.4630","0.4408","0.4671","0.4204","906.14K","5.04%"
"Dec 14, 2021","0.4408","0.4494","0.4494","0.4265","574.86K","-1.92%"
"Dec 13, 2021","0.4494","0.5306","0.5306","0.4373","160.69K","-15.30%"
"Dec 12, 2021","0.5306","0.5314","0.5315","0.5116","103.43K","-0.15%"
"Dec 11, 2021","0.5314","0.5203","0.5370","0.5067","161.41K","2.12%"
"Dec 10, 2021","0.5203","0.5638","0.5845","0.5051","539.12K","-7.70%"
"Dec 09, 2021","0.5638","0.6631","0.7102","0.5638","514.47K","-14.99%"
"Dec 08, 2021","0.6631","0.4846","0.7297","0.4613","2.00M","36.84%"
"Dec 07, 2021","0.4846","0.4876","0.5091","0.4763","224.00K","-0.61%"
"Dec 06, 2021","0.4876","0.4595","0.4995","0.4080","373.26K","6.12%"
"Dec 05, 2021","0.4595","0.5194","0.5194","0.4515","97.25K","-11.53%"
"Dec 04, 2021","0.5194","0.5714","0.5879","0.4095","1.11M","-9.10%"
"Dec 03, 2021","0.5714","0.6302","0.6302","0.5586","279.45K","-9.33%"
"Dec 02, 2021","0.6302","0.6581","0.6581","0.5744","204.75K","-4.24%"
"Dec 01, 2021","0.6581","0.6837","0.6895","0.6497","141.19K","-3.74%"
"Nov 30, 2021","0.6837","0.7421","0.7421","0.6837","170.89K","-7.87%"
"Nov 29, 2021","0.7421","0.7783","0.7854","0.7305","440.91K","-4.66%"
"Nov 28, 2021","0.7783","0.7016","0.7849","0.6058","125.54K","10.94%"
"Nov 27, 2021","0.7016","0.7021","0.7305","0.6560","60.84K","-0.08%"
"Nov 26, 2021","0.7021","0.8371","0.8545","0.6928","369.24K","-16.13%"
"Nov 25, 2021","0.8371","0.8886","0.9572","0.7697","650.70K","-5.79%"
"Nov 24, 2021","0.8886","0.7761","0.9008","0.7683","425.48K","14.50%"
"Nov 23, 2021","0.7761","0.7948","0.7948","0.7471","156.43K","-2.35%"
"Nov 22, 2021","0.7948","0.7979","0.8905","0.7523","287.90K","-1.92%"
"Nov 21, 2021","0.8103","0.9008","0.9014","0.7991","585.13K","-10.04%"
"Nov 20, 2021","0.9008","0.9232","0.9264","0.8809","459.17K","-2.43%"
"Nov 19, 2021","0.9232","0.8595","0.9441","0.8595","692.09K","7.41%"
"Nov 18, 2021","0.8595","0.9513","0.9741","0.8394","1.54M","-9.64%"
"Nov 17, 2021","0.9513","0.8109","0.9803","0.7612","3.07M","17.31%"
"Nov 16, 2021","0.8109","0.7284","0.8384","0.7099","2.50M","11.33%"
"Nov 15, 2021","0.7284","0.7946","0.8878","0.7260","1.17M","-8.33%"
"Nov 14, 2021","0.7946","0.5634","0.7946","0.5634","864.99K","41.02%"
"Nov 13, 2021","0.5634","0.5726","0.6019","0.5634","248.13K","-1.60%"
"Nov 12, 2021","0.5726","0.5385","0.5790","0.5318","172.61K","6.33%"
"Nov 11, 2021","0.5385","0.4976","0.5595","0.4948","276.13K","8.22%"
"Nov 10, 2021","0.4976","0.5001","0.5378","0.4843","197.02K","-0.49%"
"Nov 09, 2021","0.5001","0.4897","0.5129","0.4814","60.37K","2.12%"
"Nov 08, 2021","0.4897","0.5013","0.5018","0.4597","49.70K","-2.30%"
"Nov 07, 2021","0.5013","0.5025","0.5258","0.4999","18.53K","-0.25%"
"Nov 06, 2021","0.5025","0.5306","0.5347","0.4673","101.36K","-5.30%"
"Nov 05, 2021","0.5306","0.4677","0.5520","0.4659","387.91K","13.45%"
"Nov 04, 2021","0.4677","0.4458","0.4786","0.4115","179.71K","4.91%"
"Nov 03, 2021","0.4458","0.4790","0.4792","0.4349","64.70K","-6.92%"
"Nov 02, 2021","0.4790","0.4212","0.4868","0.4153","296.43K","13.73%"
"Nov 01, 2021","0.4212","0.3909","0.4509","0.3909","297.74K","7.74%"
"Oct 31, 2021","0.3909","0.3843","0.5328","0.3753","991.78K","1.72%"
"Oct 30, 2021","0.3843","0.3613","0.3896","0.3464","246.71K","6.36%"
"Oct 29, 2021","0.3613","0.3373","0.3694","0.3373","52.43K","7.14%"
"Oct 28, 2021","0.3373","0.3116","0.3391","0.3116","75.56K","8.19%"
"Oct 27, 2021","0.3117","0.3152","0.3304","0.2835","387.88K","-1.11%"
"Oct 26, 2021","0.3152","0.3094","0.3263","0.3091","80.11K","1.87%"
"Oct 25, 2021","0.3094","0.3100","0.3128","0.3029","149.40K","-0.19%"
"Oct 24, 2021","0.3100","0.3051","0.3255","0.3039","121.64K","1.62%"
"Oct 23, 2021","0.3051","0.3033","0.3090","0.2991","74.56K","0.60%"
"Oct 22, 2021","0.3033","0.2889","0.3056","0.2745","64.32K","4.98%"
"Oct 21, 2021","0.2889","0.2963","0.2978","0.2866","26.50K","-2.48%"
"Oct 20, 2021","0.2963","0.2926","0.3064","0.2834","90.77K","1.25%"
"Oct 19, 2021","0.2926","0.2910","0.3023","0.2878","92.40K","0.55%"
"Oct 18, 2021","0.2910","0.2735","0.2922","0.2718","39.67K","6.38%"
"Oct 17, 2021","0.2735","0.2794","0.3067","0.2688","47.15K","-2.09%"
"Oct 16, 2021","0.2794","0.2704","0.2800","0.2533","43.34K","3.33%"
"Oct 15, 2021","0.2704","0.2880","0.2880","0.2653","28.50K","-6.13%"
"Oct 14, 2021","0.2880","0.2877","0.2938","0.2855","6.87K","0.10%"
"Oct 13, 2021","0.2877","0.2802","0.2877","0.2757","13.98K","2.69%"
"Oct 12, 2021","0.2802","0.2703","0.2812","0.2584","52.96K","3.64%"
"Oct 11, 2021","0.2703","0.2777","0.2816","0.2691","13.68K","-2.65%"
"Oct 10, 2021","0.2777","0.2793","0.2822","0.2656","42.65K","-0.56%"
"Oct 09, 2021","0.2793","0.2904","0.2910","0.2760","32.51K","-3.82%"
"Oct 08, 2021","0.2904","0.2929","0.2934","0.2814","23.35K","-0.86%"
"Oct 07, 2021","0.2929","0.3023","0.3032","0.2915","25.09K","-3.12%"
"Oct 06, 2021","0.3023","0.2988","0.3466","0.2911","116.88K","1.18%"
"Oct 05, 2021","0.2988","0.2974","0.3034","0.2939","115.43K","0.48%"
"Oct 04, 2021","0.2974","0.2927","0.3060","0.2867","43.75K","1.58%"
"Oct 03, 2021","0.2927","0.2677","0.3137","0.2624","100.56K","9.35%"
"Oct 02, 2021","0.2677","0.2602","0.2722","0.2562","17.82K","2.89%"
"Oct 01, 2021","0.2602","0.2330","0.2710","0.2330","84.98K","11.66%"
"Sep 30, 2021","0.2330","0.1979","0.2824","0.1979","272.69K","17.76%"
"Sep 29, 2021","0.1979","0.1983","0.2041","0.1946","46.04K","-0.20%"
"Sep 28, 2021","0.1983","0.2126","0.2126","0.1983","40.46K","-6.77%"
"Sep 27, 2021","0.2126","0.2191","0.2191","0.2025","7.17K","-2.96%"
"Sep 26, 2021","0.2191","0.2111","0.2287","0.2009","226.68K","3.80%"
"Sep 25, 2021","0.2111","0.2321","0.2454","0.2105","6.61K","-9.05%"
"Sep 24, 2021","0.2321","0.2532","0.2532","0.2124","23.94K","-8.31%"
"Sep 23, 2021","0.2532","0.2251","0.2626","0.2212","14.32K","12.46%"
"Sep 22, 2021","0.2251","0.1961","0.2293","0.1944","83.28K","14.80%"
"Sep 21, 2021","0.1961","0.2251","0.2312","0.1961","15.43K","-12.89%"
"Sep 20, 2021","0.2251","0.2866","0.2874","0.2191","95.83K","-21.45%"
"Sep 19, 2021","0.2866","0.2847","0.2879","0.2732","10.98K","0.66%"
"Sep 18, 2021","0.2847","0.2862","0.2931","0.2840","2.35K","-0.52%"
"Sep 17, 2021","0.2862","0.2833","0.2862","0.2789","0.83K","1.03%"
"Sep 16, 2021","0.2833","0.2888","0.2909","0.2682","4.28K","-1.92%"
"Sep 15, 2021","0.2888","0.2840","0.2905","0.2794","17.99K","1.70%"
"Sep 14, 2021","0.2840","0.2621","0.2847","0.2621","7.30K","8.35%"
"Sep 13, 2021","0.2621","0.3059","0.3060","0.2621","182.28K","-14.32%"
"Sep 12, 2021","0.3059","0.3190","0.3190","0.2794","20.22K","-4.10%"
"Sep 11, 2021","0.3190","0.2724","0.3203","0.2724","89.58K","17.10%"
"Sep 10, 2021","0.2724","0.2969","0.3024","0.2650","126.30K","-8.24%"
"Sep 09, 2021","0.2969","0.2817","0.3073","0.2627","37.41K","5.38%"
"Sep 08, 2021","0.2817","0.2787","0.3020","0.2281","129.54K","1.10%"
"Sep 07, 2021","0.2787","0.3547","0.3559","0.2647","62.05K","-21.45%"
"Sep 06, 2021","0.3547","0.3615","0.3623","0.3378","23.07K","-1.87%"
"Sep 05, 2021","0.3615","0.3746","0.3746","0.3563","40.70K","-3.50%"
"Sep 04, 2021","0.3746","0.3554","0.3746","0.3373","48.39K","5.40%"
"Sep 03, 2021","0.3554","0.3586","0.3588","0.3408","26.97K","-0.89%"
"Sep 02, 2021","0.3586","0.3457","0.3649","0.3443","24.52K","3.73%"
"Sep 01, 2021","0.3457","0.3424","0.3693","0.3358","29.40K","0.97%"
"Aug 31, 2021","0.3424","0.3421","0.3497","0.3325","15.72K","0.07%"
"Aug 30, 2021","0.3421","0.3641","0.3643","0.3339","30.44K","-6.03%"
"Aug 29, 2021","0.3641","0.3729","0.3798","0.2666","50.23K","-2.36%"
"Aug 28, 2021","0.3729","0.3828","0.3898","0.3338","85.46K","-2.60%"
"Aug 27, 2021","0.3828","0.3767","0.3999","0.3655","78.96K","1.62%"
"Aug 26, 2021","0.3767","0.3470","0.3997","0.3324","172.19K","8.57%"
"Aug 25, 2021","0.3470","0.3273","0.3531","0.2967","162.54K","6.02%"
"Aug 24, 2021","0.3273","0.3887","0.4466","0.3211","244.21K","-15.79%"
"Aug 23, 2021","0.3887","0.1753","0.4860","0.1753","1.12M","121.74%"
"Aug 22, 2021","0.1753","0.1851","0.1856","0.1686","118.80K","-5.31%"
"Aug 21, 2021","0.1851","0.1797","0.1863","0.1793","173.42K","3.00%"
"Aug 20, 2021","0.1797","0.1788","0.1828","0.1764","23.88K","0.54%"
"Aug 19, 2021","0.1788","0.1697","0.1832","0.1646","24.87K","5.33%"
"Aug 18, 2021","0.1697","0.1801","0.1801","0.1697","21.82K","-5.77%"
"Aug 17, 2021","0.1801","0.1865","0.1911","0.1801","12.16K","-3.42%"
"Aug 16, 2021","0.1865","0.1913","0.1935","0.1722","53.78K","-2.50%"
"Aug 15, 2021","0.1913","0.1853","0.1913","0.1724","63.85K","3.21%"
"Aug 14, 2021","0.1853","0.1854","0.1886","0.1837","8.25K","-0.05%"
"Aug 13, 2021","0.1854","0.1757","0.1927","0.1757","37.84K","5.50%"
"Aug 12, 2021","0.1757","0.1895","0.1931","0.1725","86.77K","-7.27%"
"Aug 11, 2021","0.1895","0.1828","0.1895","0.1824","21.33K","3.67%"
"Aug 10, 2021","0.1828","0.1774","0.1828","0.1696","39.62K","3.03%"
"Aug 09, 2021","0.1774","0.1753","0.1783","0.1695","21.84K","1.21%"
"Aug 08, 2021","0.1753","0.1860","0.1864","0.1722","9.48K","-5.73%"
"Aug 07, 2021","0.1860","0.1756","0.1860","0.1756","13.38K","5.87%"
"Aug 06, 2021","0.1756","0.1709","0.1756","0.1684","23.92K","2.78%"
"Aug 05, 2021","0.1709","0.1694","0.1709","0.1634","8.85K","0.87%"
"Aug 04, 2021","0.1694","0.1542","0.1694","0.1516","22.97K","9.86%"
"Aug 03, 2021","0.1542","0.1539","0.1715","0.1520","143.59K","0.22%"
"Aug 02, 2021","0.1539","0.1520","0.1550","0.1434","46.76K","1.26%"
"Aug 01, 2021","0.1520","0.1543","0.1860","0.1501","49.00K","-1.50%"
"Jul 31, 2021","0.1543","0.1543","0.1581","0.1461","35.32K","0.00%"
"Jul 30, 2021","0.1543","0.1511","0.1563","0.1321","70.20K","2.07%"
"Jul 29, 2021","0.1511","0.1488","0.1524","0.1462","21.69K","1.60%"
"Jul 28, 2021","0.1488","0.1582","0.1596","0.1404","74.15K","-6.00%"
"Jul 27, 2021","0.1582","0.1389","0.1967","0.1389","155.98K","13.92%"
"Jul 26, 2021","0.1389","0.1354","0.1417","0.1354","9.99K","2.60%"
"Jul 25, 2021","0.1354","0.1317","0.1368","0.1303","22.70K","2.70%"
"Jul 24, 2021","0.1318","0.1286","0.1331","0.1286","18.93K","2.54%"
"Jul 23, 2021","0.1286","0.1189","0.1286","0.1189","33.18K","8.08%"
"Jul 22, 2021","0.1189","0.1164","0.1310","0.1106","128.02K","2.19%"
"Jul 21, 2021","0.1164","0.1047","0.1178","0.1047","24.19K","11.16%"
"Jul 20, 2021","0.1047","0.1135","0.1135","0.0987","46.94K","-7.73%"
"Jul 19, 2021","0.1135","0.1238","0.1238","0.1101","15.92K","-8.37%"
"Jul 18, 2021","0.1238","0.1229","0.1260","0.1220","8.52K","0.76%"
"Jul 17, 2021","0.1229","0.1248","0.1248","0.1203","8.79K","-1.49%"
"Jul 16, 2021","0.1248","0.1280","0.1286","0.1211","10.44K","-2.49%"
"Jul 15, 2021","0.1280","0.1338","0.1368","0.1261","63.41K","-4.33%"
"Jul 14, 2021","0.1338","0.1263","0.1338","0.1159","66.58K","5.88%"
"Jul 13, 2021","0.1263","0.1272","0.1292","0.1255","44.61K","-0.71%"
"Jul 12, 2021","0.1272","0.1300","0.1300","0.1236","12.04K","-2.15%"
"Jul 11, 2021","0.1300","0.1280","0.1300","0.1261","4.29K","1.57%"
"Jul 10, 2021","0.1280","0.1294","0.1295","0.1276","5.68K","-1.08%"
"Jul 09, 2021","0.1294","0.1269","0.1294","0.1200","34.38K","1.98%"
"Jul 08, 2021","0.1269","0.1386","0.1458","0.1258","54.47K","-8.41%"
"Jul 07, 2021","0.1386","0.1315","0.1428","0.1315","109.44K","5.37%"
"Jul 06, 2021","0.1315","0.1346","0.1347","0.1309","28.26K","-2.33%"
"Jul 05, 2021","0.1346","0.1259","0.1425","0.1257","224.38K","6.96%"
"Jul 04, 2021","0.1259","0.0955","0.1259","0.0825","140.02K","31.77%"
"Jul 03, 2021","0.0955","0.0999","0.0999","0.0948","6.75K","-4.38%"
"Jul 02, 2021","0.0999","0.0884","0.1036","0.0872","75.08K","13.03%"
"Jul 01, 2021","0.0884","0.0868","0.0962","0.0833","47.82K","1.86%"
"Jun 30, 2021","0.0868","0.0918","0.1085","0.0848","7.28K","-5.49%"
"Jun 29, 2021","0.0918","0.0800","0.0947","0.0800","48.73K","14.76%"
"Jun 28, 2021","0.0800","0.0930","0.0954","0.0800","9.05K","-13.98%"
"Jun 27, 2021","0.0930","0.0915","0.0960","0.0800","18.48K","1.64%"
"Jun 26, 2021","0.0915","0.0920","0.0939","0.0881","12.86K","-0.53%"
"Jun 25, 2021","0.0920","0.0959","0.0962","0.0917","52.51K","-4.08%"
"Jun 24, 2021","0.0959","0.0930","0.0987","0.0876","64.31K","3.08%"
"Jun 23, 2021","0.0930","0.0873","0.0968","0.0860","84.18K","6.54%"
"Jun 22, 2021","0.0873","0.1069","0.1113","0.0831","195.85K","-18.31%"
"Jun 21, 2021","0.1069","0.1163","0.1163","0.1050","90.84K","-8.07%"
"Jun 20, 2021","0.1163","0.1252","0.1271","0.1143","22.79K","-7.12%"
"Jun 19, 2021","0.1252","0.1074","0.1280","0.1067","53.11K","16.54%"
"Jun 18, 2021","0.1074","0.1122","0.1163","0.1055","95.92K","-4.26%"
"Jun 17, 2021","0.1122","0.1328","0.1350","0.1122","17.08K","-15.53%"
"Jun 16, 2021","0.1328","0.1157","0.1442","0.1157","7.73K","14.85%"
"Jun 15, 2021","0.1157","0.1098","0.1161","0.1095","18.29K","5.35%"
"Jun 14, 2021","0.1098","0.1167","0.1167","0.1098","122.89K","-5.91%"
"Jun 13, 2021","0.1167","0.1418","0.1418","0.1106","74.14K","-17.72%"
"Jun 12, 2021","0.1418","0.1290","0.1418","0.1070","1.76K","9.90%"
"Jun 11, 2021","0.1290","0.1271","0.1437","0.1271","8.06K","1.53%"
"Jun 10, 2021","0.1271","0.1384","0.1384","0.1267","67.41K","-8.20%"
"Jun 09, 2021","0.1384","0.1152","0.1408","0.1140","43.45K","20.14%"
"Jun 08, 2021","0.1152","0.1201","0.1201","0.1135","119.14K","-4.05%"
"Jun 07, 2021","0.1201","0.1309","0.1371","0.1201","94.72K","-8.21%"
"Jun 06, 2021","0.1309","0.1202","0.1494","0.1202","17.08K","8.85%"
"Jun 05, 2021","0.1202","0.1250","0.1299","0.1202","47.04K","-3.80%"
"Jun 04, 2021","0.1250","0.1164","0.1258","0.1147","95.03K","7.40%"
"Jun 03, 2021","0.1164","0.1034","0.1167","0.1027","86.60K","12.51%"
"Jun 02, 2021","0.1034","0.1067","0.1122","0.1026","8.32K","-3.04%"
"Jun 01, 2021","0.1067","0.1249","0.1421","0.1059","63.14K","-14.63%"
"May 31, 2021","0.1249","0.0980","0.1252","0.0973","74.06K","27.53%"
"May 30, 2021","0.0980","0.1014","0.1024","0.0973","40.65K","-3.38%"
"May 29, 2021","0.1014","0.1080","0.1096","0.0967","31.44K","-6.14%"
"May 28, 2021","0.1080","0.1159","0.1320","0.1080","47.90K","-6.79%"
"May 27, 2021","0.1159","0.1217","0.1236","0.1122","34.23K","-4.81%"
"May 26, 2021","0.1217","0.1148","0.1221","0.1110","29.05K","6.03%"
"May 25, 2021","0.1148","0.1197","0.1251","0.1143","48.93K","-4.09%"
"May 24, 2021","0.1197","0.0975","0.1248","0.0964","82.40K","22.75%"
"May 23, 2021","0.0975","0.1283","0.1283","0.0941","78.69K","-23.98%"
"May 22, 2021","0.1283","0.1132","0.1374","0.1107","158.70K","13.31%"
"May 21, 2021","0.1132","0.1230","0.1361","0.1095","54.47K","-7.95%"
"May 20, 2021","0.1230","0.1254","0.1258","0.1119","122.09K","-2.80%"
"May 19, 2021","0.1265","0.1461","0.1461","0.0820","358.48K","-13.42%"
"May 18, 2021","0.1461","0.1555","0.1570","0.1036","184.80K","-6.01%"
"May 17, 2021","0.1555","0.1598","0.1678","0.1518","54.63K","-2.69%"
"May 16, 2021","0.1598","0.1747","0.1818","0.1518","88.53K","-8.58%"
"May 15, 2021","0.1747","0.1939","0.1964","0.1739","32.59K","-9.88%"
"May 14, 2021","0.1939","0.1855","0.2043","0.1793","56.25K","4.54%"
"May 13, 2021","0.1855","0.1881","0.2023","0.1607","254.88K","-1.38%"
"May 12, 2021","0.1881","0.1894","0.2051","0.1805","138.99K","-0.70%"
"May 11, 2021","0.1894","0.2090","0.2169","0.1813","127.49K","-9.37%"
"May 10, 2021","0.2090","0.1995","0.2205","0.1954","96.43K","4.74%"
"May 09, 2021","0.1996","0.2209","0.2394","0.1827","90.31K","-9.65%"
"May 08, 2021","0.2209","0.1954","0.2263","0.1953","164.45K","13.05%"
"May 07, 2021","0.1954","0.2350","0.2350","0.1713","255.15K","-16.86%"
"May 06, 2021","0.2350","0.2551","0.2590","0.2245","95.71K","-7.87%"
"May 05, 2021","0.2551","0.2414","0.2584","0.2397","219.23K","5.68%"
"May 04, 2021","0.2414","0.2312","0.2480","0.2251","115.07K","4.38%"
"May 03, 2021","0.2312","0.2471","0.2529","0.2305","71.56K","-6.44%"
"May 02, 2021","0.2471","0.2277","0.2471","0.2211","38.10K","8.52%"
"May 01, 2021","0.2277","0.2291","0.2436","0.2232","49.19K","-0.61%"
"Apr 30, 2021","0.2291","0.2274","0.2438","0.2185","170.99K","0.77%"
"Apr 29, 2021","0.2274","0.2315","0.2321","0.2012","114.72K","-1.77%"
"Apr 28, 2021","0.2315","0.2060","0.2332","0.2060","146.57K","12.35%"
"Apr 27, 2021","0.2060","0.1842","0.2164","0.1842","97.84K","11.86%"
"Apr 26, 2021","0.1842","0.1657","0.1887","0.1651","105.91K","11.12%"
"Apr 25, 2021","0.1657","0.1672","0.1791","0.1620","102.84K","-0.84%"
"Apr 24, 2021","0.1672","0.1616","0.1672","0.1535","212.39K","3.45%"
"Apr 23, 2021","0.1616","0.1763","0.1763","0.1420","325.12K","-8.37%"
"Apr 22, 2021","0.1763","0.2076","0.2076","0.1705","205.19K","-15.05%"
"Apr 21, 2021","0.2076","0.2172","0.2197","0.2047","121.80K","-4.44%"
"Apr 20, 2021","0.2172","0.2016","0.2262","0.1812","221.71K","7.74%"
"Apr 19, 2021","0.2016","0.2106","0.2185","0.1933","140.10K","-4.26%"
"Apr 18, 2021","0.2106","0.2352","0.2393","0.1981","186.74K","-10.48%"
"Apr 17, 2021","0.2352","0.2361","0.2532","0.2285","184.39K","-0.37%"
"Apr 16, 2021","0.2361","0.2480","0.2480","0.2257","100.18K","-4.79%"
"Apr 15, 2021","0.2480","0.2416","0.2507","0.2329","215.11K","2.65%"
"Apr 14, 2021","0.2416","0.2591","0.2591","0.2249","165.65K","-6.77%"
"Apr 13, 2021","0.2591","0.2655","0.2698","0.2443","224.33K","-2.39%"
"Apr 12, 2021","0.2655","0.2423","0.2910","0.2324","309.20K","9.57%"
"Apr 11, 2021","0.2423","0.2483","0.2483","0.2206","130.56K","-2.42%"
"Apr 10, 2021","0.2483","0.2426","0.2673","0.2391","241.87K","2.33%"
"Apr 09, 2021","0.2426","0.2262","0.2496","0.2214","183.66K","7.28%"
"Apr 08, 2021","0.2262","0.2045","0.2462","0.1996","318.25K","10.59%"
"Apr 07, 2021","0.2045","0.2353","0.2353","0.1737","595.41K","-13.08%"
"Apr 06, 2021","0.2353","0.2460","0.2713","0.2148","294.09K","-4.37%"
"Apr 05, 2021","0.2460","0.2805","0.2805","0.2434","164.01K","-12.29%"
"Apr 04, 2021","0.2805","0.2632","0.2840","0.2512","128.77K","6.55%"
"Apr 03, 2021","0.2632","0.3065","0.3144","0.2556","251.72K","-14.11%"
"Apr 02, 2021","0.3065","0.3076","0.3077","0.2890","70.08K","-0.37%"
"Apr 01, 2021","0.3076","0.3110","0.3110","0.2742","241.21K","-1.10%"
"Mar 31, 2021","0.3110","0.2972","0.3298","0.2972","192.90K","4.66%"
"Mar 30, 2021","0.2972","0.2732","0.3198","0.2668","270.15K","8.77%"
"Mar 29, 2021","0.2732","0.2651","0.2791","0.2548","176.44K","3.06%"
"Mar 28, 2021","0.2651","0.2542","0.2708","0.2301","131.09K","4.31%"
"Mar 27, 2021","0.2542","0.2349","0.2573","0.2136","151.89K","8.19%"
"Mar 26, 2021","0.2349","0.2230","0.2349","0.2176","139.04K","5.35%"
"Mar 25, 2021","0.2230","0.2139","0.2295","0.2069","221.83K","4.23%"
"Mar 24, 2021","0.2139","0.2320","0.2554","0.2093","225.52K","-7.80%"
"Mar 23, 2021","0.2320","0.2273","0.2359","0.1961","422.47K","2.08%"
"Mar 22, 2021","0.2273","0.2311","0.2685","0.2168","410.49K","-1.62%"
"Mar 21, 2021","0.2311","0.2178","0.2595","0.2076","220.97K","6.09%"
"Mar 20, 2021","0.2178","0.2402","0.2403","0.2133","255.92K","-9.32%"
"Mar 19, 2021","0.2402","0.2391","0.2521","0.2157","174.34K","0.46%"
"Mar 18, 2021","0.2391","0.2467","0.2604","0.2276","265.64K","-3.07%"
"Mar 17, 2021","0.2467","0.2449","0.2524","0.1924","636.91K","0.72%"
"Mar 16, 2021","0.2449","0.2830","0.2830","0.2330","251.85K","-13.45%"
"Mar 15, 2021","0.2830","0.2835","0.2959","0.2525","510.47K","-0.20%"
"Mar 14, 2021","0.2835","0.2902","0.3128","0.2561","494.95K","-2.29%"
"Mar 13, 2021","0.2902","0.2491","0.3275","0.2304","1.24M","16.49%"
"Mar 12, 2021","0.2491","0.1871","0.2616","0.1827","846.83K","33.15%"
"Mar 11, 2021","0.1871","0.1714","0.1936","0.1594","432.86K","9.15%"
"Mar 10, 2021","0.1714","0.1745","0.1787","0.1585","259.16K","-1.76%"
"Mar 09, 2021","0.1745","0.1668","0.1890","0.1622","724.90K","4.58%"
"Mar 08, 2021","0.1668","0.1235","0.1685","0.1235","622.49K","35.31%"
"Mar 07, 2021","0.1233","0.1149","0.1292","0.1129","313.08K","7.33%"
"Mar 06, 2021","0.1149","0.1173","0.1173","0.1038","174.07K","-2.10%"
"Mar 05, 2021","0.1173","0.1174","0.1274","0.1113","312.69K","-0.05%"
"Mar 04, 2021","0.1174","0.1022","0.1286","0.0970","1.25M","14.88%"
"Mar 03, 2021","0.1022","0.0818","0.1034","0.0809","729.35K","24.97%"
"Mar 02, 2021","0.0818","0.0779","0.0825","0.0756","160.51K","4.99%"
"Mar 01, 2021","0.0779","0.0724","0.0861","0.0708","235.11K","7.58%"
"Feb 28, 2021","0.0724","0.0794","0.0802","0.0675","290.33K","-8.87%"
"Feb 27, 2021","0.0794","0.0748","0.0814","0.0748","106.46K","6.23%"
"Feb 26, 2021","0.0748","0.0759","0.0775","0.0705","153.06K","-1.44%"
"Feb 25, 2021","0.0759","0.0794","0.0848","0.0759","230.83K","-4.47%"
"Feb 24, 2021","0.0794","0.0783","0.0860","0.0729","487.41K","1.50%"
"Feb 23, 2021","0.0783","0.1016","0.1028","0.0615","720.30K","-23.00%"
"Feb 22, 2021","0.1016","0.0952","0.1053","0.0754","583.44K","6.99%"
"Feb 21, 2021","0.0950","0.0799","0.1020","0.0795","544.70K","18.88%"
"Feb 20, 2021","0.0799","0.0878","0.0881","0.0747","330.17K","-8.98%"
"Feb 19, 2021","0.0878","0.0822","0.0882","0.0777","576.55K","7.04%"
"Feb 18, 2021","0.0820","0.0748","0.0876","0.0748","631.50K","9.60%"
"Feb 17, 2021","0.0748","0.0719","0.0773","0.0703","210.64K","4.09%"
"Feb 16, 2021","0.0719","0.0742","0.0875","0.0700","820.39K","-2.69%"
"Feb 15, 2021","0.0739","0.0644","0.0739","0.0563","551.70K","14.81%"
"Feb 14, 2021","0.0644","0.0689","0.0690","0.0619","280.56K","-6.64%"
"Feb 13, 2021","0.0689","0.0642","0.0798","0.0601","879.30K","7.38%"
"Feb 12, 2021","0.0642","0.0637","0.0874","0.0584","881.80K","0.72%"
"Feb 11, 2021","0.0637","0.0518","0.0779","0.0514","1.20M","22.95%"
"Feb 10, 2021","0.0518","0.0499","0.0542","0.0491","695.52K","3.82%"
"Feb 09, 2021","0.0499","0.0477","0.0525","0.0471","425.18K","4.68%"
"Feb 08, 2021","0.0477","0.0443","0.0479","0.0441","324.90K","7.76%"
"Feb 07, 2021","0.0443","0.0471","0.0476","0.0438","378.84K","-6.03%"
"Feb 06, 2021","0.0471","0.0465","0.0487","0.0459","309.41K","1.24%"
"Feb 05, 2021","0.0465","0.0434","0.0468","0.0434","275.09K","7.26%"
"Feb 04, 2021","0.0434","0.0443","0.0454","0.0432","96.20K","-2.17%"
"Feb 03, 2021","0.0443","0.0423","0.0460","0.0423","278.00K","4.89%"
"Feb 02, 2021","0.0423","0.0401","0.0430","0.0399","120.51K","5.46%"
"Feb 01, 2021","0.0401","0.0406","0.0406","0.0393","146.15K","-1.40%"
"Jan 31, 2021","0.0406","0.0411","0.0411","0.0398","67.20K","-1.04%"
"Jan 30, 2021","0.0411","0.0419","0.0420","0.0398","68.67K","-1.98%"
"Jan 29, 2021","0.0419","0.0417","0.0430","0.0408","151.57K","0.61%"
"Jan 28, 2021","0.0417","0.0396","0.0419","0.0396","87.60K","5.25%"
"Jan 27, 2021","0.0396","0.0420","0.0420","0.0384","100.42K","-5.80%"
"Jan 26, 2021","0.0420","0.0430","0.0430","0.0384","139.14K","-2.27%"
"Jan 25, 2021","0.0430","0.0433","0.0446","0.0422","133.92K","-0.61%"
"Jan 24, 2021","0.0433","0.0438","0.0438","0.0426","56.84K","-1.17%"
"Jan 23, 2021","0.0438","0.0456","0.0456","0.0426","122.63K","-3.99%"
"Jan 22, 2021","0.0456","0.0400","0.0456","0.0370","279.85K","13.99%"
"Jan 21, 2021","0.0400","0.0437","0.0451","0.0400","210.06K","-8.58%"
"Jan 20, 2021","0.0437","0.0439","0.0439","0.0407","100.72K","-0.43%"
"Jan 19, 2021","0.0439","0.0444","0.0445","0.0438","59.51K","-0.98%"
"Jan 18, 2021","0.0444","0.0437","0.0444","0.0423","76.85K","1.55%"
"Jan 17, 2021","0.0437","0.0430","0.0451","0.0409","111.50K","1.68%"
"Jan 16, 2021","0.0430","0.0408","0.0457","0.0408","310.68K","5.38%"
"Jan 15, 2021","0.0408","0.0397","0.0457","0.0387","327.85K","2.60%"
"Jan 14, 2021","0.0397","0.0393","0.0405","0.0386","88.94K","1.18%"
"Jan 13, 2021","0.0393","0.0370","0.0394","0.0364","185.58K","6.22%"
"Jan 12, 2021","0.0370","0.0367","0.0376","0.0341","56.92K","0.74%"
"Jan 11, 2021","0.0367","0.0399","0.0399","0.0319","301.12K","-7.97%"
"Jan 10, 2021","0.0399","0.0428","0.0430","0.0387","186.70K","-6.84%"
"Jan 09, 2021","0.0428","0.0440","0.0440","0.0402","161.73K","-2.57%"
"Jan 08, 2021","0.0440","0.0387","0.0496","0.0387","585.04K","13.56%"
"Jan 07, 2021","0.0387","0.0372","0.0398","0.0372","242.67K","4.16%"
"Jan 06, 2021","0.0372","0.0367","0.0376","0.0310","113.64K","1.37%"
"Jan 05, 2021","0.0367","0.0356","0.0367","0.0348","5.47K","3.02%"
"Jan 04, 2021","0.0356","0.0365","0.0366","0.0305","86.04K","-2.63%"
"Jan 03, 2021","0.0365","0.0364","0.0369","0.0336","50.58K","0.39%"
"Jan 02, 2021","0.0364","0.0358","0.0395","0.0356","228.64K","1.59%"
"Jan 01, 2021","0.0358","0.0332","0.0365","0.0331","10.88K","7.92%"
"Dec 31, 2020","0.0332","0.0352","0.0364","0.0299","59.83K","-5.62%"
"Dec 30, 2020","0.0352","0.0355","0.0355","0.0348","5.68K","-0.81%"
"Dec 29, 2020","0.0355","0.0372","0.0376","0.0349","85.56K","-4.71%"
"Dec 28, 2020","0.0372","0.0358","0.0379","0.0358","21.23K","4.10%"
"Dec 27, 2020","0.0358","0.0353","0.0365","0.0341","27.52K","1.39%"
"Dec 26, 2020","0.0353","0.0357","0.0366","0.0350","49.36K","-1.30%"
"Dec 25, 2020","0.0357","0.0348","0.0360","0.0345","30.38K","2.71%"
"Dec 24, 2020","0.0348","0.0350","0.0365","0.0326","17.31K","-0.53%"
"Dec 23, 2020","0.0350","0.0395","0.0417","0.0350","6.13K","-11.37%"
"Dec 22, 2020","0.0395","0.0436","0.0450","0.0394","4.21K","-9.49%"
"Dec 21, 2020","0.0436","0.0429","0.0460","0.0427","47.20K","1.58%"
"Dec 20, 2020","0.0429","0.0432","0.0463","0.0418","45.72K","-0.67%"
"Dec 19, 2020","0.0432","0.0411","0.0440","0.0411","49.43K","5.07%"
"Dec 18, 2020","0.0411","0.0399","0.0411","0.0385","42.57K","2.94%"
"Dec 17, 2020","0.0399","0.0396","0.0406","0.0373","25.34K","0.84%"
"Dec 16, 2020","0.0396","0.0391","0.0399","0.0391","22.46K","1.31%"
"Dec 15, 2020","0.0391","0.0395","0.0400","0.0390","28.94K","-1.14%"
"Dec 14, 2020","0.0395","0.0390","0.0405","0.0373","26.84K","1.32%"
"Dec 13, 2020","0.0390","0.0389","0.0410","0.0388","5.62K","0.46%"
"Dec 12, 2020","0.0389","0.0360","0.0389","0.0360","1.95K","8.06%"
"Dec 11, 2020","0.0360","0.0353","0.0365","0.0353","18.90K","1.87%"
"Dec 10, 2020","0.0353","0.0378","0.0389","0.0346","25.88K","-6.65%"
"Dec 09, 2020","0.0378","0.0394","0.0394","0.0369","11.02K","-4.13%"
"Dec 08, 2020","0.0394","0.0390","0.0396","0.0376","20.96K","1.13%"
"Dec 07, 2020","0.0390","0.0397","0.0400","0.0350","18.06K","-1.75%"
"Dec 06, 2020","0.0397","0.0536","0.0542","0.0397","2.99K","-25.97%"
"Dec 05, 2020","0.0536","0.0378","0.0536","0.0378","29.11K","41.97%"
"Dec 04, 2020","0.0378","0.0400","0.0495","0.0378","142.17K","-5.53%"
"Dec 03, 2020","0.0400","0.0436","0.0436","0.0400","61.05K","-8.31%"
"Dec 02, 2020","0.0436","0.0379","0.0436","0.0358","75.97K","14.92%"
"Dec 01, 2020","0.0379","0.0374","0.0383","0.0371","5.74K","1.52%"
"Nov 30, 2020","0.0374","0.0360","0.0375","0.0360","16.40K","3.78%"
"Nov 29, 2020","0.0360","0.0351","0.0398","0.0265","123.96K","2.46%"
"Nov 28, 2020","0.0351","0.0351","0.0356","0.0351","3.99K","0.00%"
"Nov 27, 2020","0.0351","0.0346","0.0368","0.0344","15.20K","1.44%"
"Nov 26, 2020","0.0346","0.0415","0.0423","0.0345","18.37K","-16.63%"
"Nov 25, 2020","0.0415","0.0398","0.0436","0.0398","44.05K","4.44%"
"Nov 24, 2020","0.0398","0.0356","0.0398","0.0355","96.14K","11.84%"
"Nov 23, 2020","0.0356","0.0316","0.0362","0.0316","262.25K","12.50%"
"Nov 22, 2020","0.0316","0.0416","0.0416","0.0308","30.67K","-24.04%"
"Nov 21, 2020","0.0416","0.0342","0.0426","0.0341","65.05K","21.80%"
"Nov 20, 2020","0.0342","0.0310","0.0342","0.0310","156.54K","10.17%"
"Nov 19, 2020","0.0310","0.0346","0.0346","0.0310","87.48K","-10.23%"
"Nov 18, 2020","0.0346","0.0356","0.0361","0.0345","15.79K","-2.88%"
"Nov 17, 2020","0.0356","0.0312","0.0357","0.0312","64.65K","13.86%"
"Nov 16, 2020","0.0312","0.0320","0.0359","0.0312","8.66K","-2.46%"
"Nov 15, 2020","0.0320","0.0389","0.0389","0.0320","17.31K","-17.60%"
"Nov 14, 2020","0.0389","0.0389","0.0389","0.0389","14.11K","0.00%"
"Nov 13, 2020","0.0389","0.0304","0.0389","0.0304","14.18K","27.88%"
"Nov 12, 2020","0.0304","0.0353","0.0354","0.0304","4.17K","-13.82%"
"Nov 11, 2020","0.0353","0.0351","0.0398","0.0351","3.95K","0.53%"
"Nov 10, 2020","0.0351","0.0331","0.0390","0.0331","22.83K","5.96%"
"Nov 09, 2020","0.0331","0.0325","0.0331","0.0322","2.29K","1.82%"
"Nov 08, 2020","0.0325","0.0342","0.0343","0.0325","0.74K","-4.99%"
"Nov 07, 2020","0.0342","0.0342","0.0342","0.0342","0.36K","0.00%"
"Nov 06, 2020","0.0342","0.0302","0.0342","0.0300","7.74K","13.29%"
"Nov 05, 2020","0.0302","0.0303","0.0317","0.0294","4.54K","-0.47%"
"Nov 04, 2020","0.0303","0.0303","0.0303","0.0294","1.72K","0.30%"
"Nov 03, 2020","0.0303","0.0311","0.0315","0.0297","0.22K","-2.59%"
"Nov 02, 2020","0.0311","0.0311","0.0368","0.0290","85.34K","-0.26%"
"Nov 01, 2020","0.0311","0.0316","0.0316","0.0310","1.05K","-1.45%"
"Oct 31, 2020","0.0316","0.0349","0.0370","0.0316","4.65K","-9.48%"
"Oct 30, 2020","0.0349","0.0408","0.0408","0.0349","0.14K","-14.42%"
"Oct 29, 2020","0.0408","0.0355","0.0409","0.0355","0.74K","14.88%"
"Oct 28, 2020","0.0355","0.0366","0.0366","0.0355","4.94K","-3.01%"
"Oct 27, 2020","0.0366","0.0400","0.0400","0.0366","4.86K","-8.45%"
"Oct 26, 2020","0.0400","0.0372","0.0400","0.0372","10.08K","7.39%"
"Oct 25, 2020","0.0372","0.0383","0.0384","0.0372","26.21K","-2.67%"
"Oct 24, 2020","0.0383","0.0370","0.0383","0.0370","6.16K","3.37%"
"Oct 23, 2020","0.0370","0.0376","0.0376","0.0370","9.30K","-1.54%"
"Oct 22, 2020","0.0376","0.0382","0.0421","0.0376","21.87K","-1.64%"
"Oct 21, 2020","0.0382","0.0369","0.0382","0.0369","217.85K","3.63%"
"Oct 20, 2020","0.0369","0.0369","0.0369","0.0369","-","0.00%"
"Oct 19, 2020","0.0369","0.0423","0.0423","0.0369","5.04K","-12.81%"
"Oct 18, 2020","0.0423","0.0381","0.0423","0.0372","9.54K","11.16%"
"Oct 17, 2020","0.0381","0.0377","0.0384","0.0377","0.86K","1.06%"
"Oct 16, 2020","0.0377","0.0381","0.0385","0.0373","9.05K","-1.22%"
"Oct 15, 2020","0.0381","0.0386","0.0397","0.0370","16.02K","-1.31%"
"Oct 14, 2020","0.0386","0.0359","0.0400","0.0359","2.22K","7.53%"
"Oct 13, 2020","0.0359","0.0363","0.0405","0.0359","31.90K","-0.96%"
"Oct 12, 2020","0.0363","0.0385","0.0395","0.0363","52.08K","-5.81%"
"Oct 11, 2020","0.0385","0.0409","0.0409","0.0385","29.60K","-5.85%"
"Oct 10, 2020","0.0409","0.0404","0.0409","0.0402","2.62K","1.15%"
"Oct 09, 2020","0.0404","0.0400","0.0404","0.0400","2.61K","1.07%"
"Oct 08, 2020","0.0400","0.0380","0.0430","0.0380","77.27K","5.28%"
"Oct 07, 2020","0.0380","0.0359","0.0388","0.0359","16.14K","5.81%"
"Oct 06, 2020","0.0359","0.0355","0.0420","0.0355","21.33K","1.10%"
"Oct 05, 2020","0.0355","0.0355","0.0355","0.0355","-","0.00%"
"Oct 04, 2020","0.0355","0.0358","0.0403","0.0354","18.59K","-0.81%"
"Oct 03, 2020","0.0358","0.0369","0.0410","0.0354","6.43K","-2.88%"
"Oct 02, 2020","0.0369","0.0380","0.0398","0.0356","28.13K","-3.00%"
"Oct 01, 2020","0.0380","0.0441","0.0441","0.0380","9.11K","-13.86%"
"Sep 30, 2020","0.0441","0.0429","0.0441","0.0429","3.56K","2.91%"
"Sep 29, 2020","0.0429","0.0373","0.0429","0.0373","4.33K","14.84%"
"Sep 28, 2020","0.0373","0.0373","0.0373","0.0373","0.83K","0.00%"
"Sep 27, 2020","0.0373","0.0380","0.0380","0.0373","0.81K","-1.80%"
"Sep 26, 2020","0.0380","0.0373","0.0380","0.0373","3.63K","1.81%"
"Sep 25, 2020","0.0373","0.0399","0.0399","0.0373","0.82K","-6.52%"
"Sep 24, 2020","0.0399","0.0400","0.0400","0.0350","58.10K","-0.27%"
"Sep 23, 2020","0.0400","0.0410","0.0410","0.0390","26.63K","-2.54%"
"Sep 22, 2020","0.0410","0.0439","0.0439","0.0385","31.41K","-6.59%"
"Sep 21, 2020","0.0439","0.0353","0.0457","0.0341","152.78K","24.34%"
"Sep 20, 2020","0.0353","0.0391","0.0410","0.0353","51.02K","-9.62%"
"Sep 19, 2020","0.0391","0.0377","0.0391","0.0377","12.01K","3.79%"
"Sep 18, 2020","0.0377","0.0439","0.0439","0.0376","15.93K","-14.19%"
"Sep 17, 2020","0.0439","0.0367","0.0493","0.0365","15.89K","19.66%"
"Sep 16, 2020","0.0367","0.0383","0.0383","0.0363","9.82K","-4.29%"
"Sep 15, 2020","0.0383","0.0396","0.0398","0.0381","154.57K","-3.17%"
"Sep 14, 2020","0.0396","0.0416","0.0416","0.0384","129.13K","-4.82%"
"Sep 13, 2020","0.0416","0.0408","0.0416","0.0408","85.65K","1.86%"
"Sep 12, 2020","0.0408","0.0407","0.0452","0.0399","135.71K","0.30%"
"Sep 11, 2020","0.0407","0.0432","0.0432","0.0400","12.40K","-5.67%"
"Sep 10, 2020","0.0432","0.0392","0.0432","0.0392","130.11K","10.16%"
"Sep 09, 2020","0.0392","0.0351","0.0392","0.0306","48.53K","11.76%"
"Sep 08, 2020","0.0351","0.0349","0.0353","0.0349","1.80K","0.45%"
"Sep 07, 2020","0.0349","0.0343","0.0350","0.0342","2.43K","1.86%"
"Sep 06, 2020","0.0343","0.0361","0.0361","0.0341","12.61K","-5.09%"
"Sep 05, 2020","0.0361","0.0380","0.0380","0.0361","249.19K","-5.02%"
"Sep 04, 2020","0.0380","0.0376","0.0419","0.0376","14.56K","1.00%"
"Sep 03, 2020","0.0376","0.0462","0.0475","0.0376","62.52K","-18.63%"
"Sep 02, 2020","0.0462","0.0453","0.0471","0.0453","293.91K","2.03%"
"Sep 01, 2020","0.0453","0.0504","0.0512","0.0452","42.18K","-10.17%"
"Aug 31, 2020","0.0504","0.0511","0.0511","0.0501","12.72K","-1.29%"
"Aug 30, 2020","0.0511","0.0482","0.0545","0.0482","8.23K","6.02%"
"Aug 29, 2020","0.0482","0.0476","0.0482","0.0476","0.50K","1.30%"
"Aug 28, 2020","0.0476","0.0480","0.0480","0.0475","1.15K","-0.90%"
"Aug 27, 2020","0.0480","0.0514","0.0538","0.0480","7.82K","-6.59%"
"Aug 26, 2020","0.0514","0.0517","0.0518","0.0494","0.10K","-0.66%"
"Aug 25, 2020","0.0517","0.0529","0.0537","0.0489","12.84K","-2.11%"
"Aug 24, 2020","0.0529","0.0555","0.0555","0.0529","25.10K","-4.70%"
"Aug 23, 2020","0.0555","0.0512","0.0555","0.0505","13.30K","8.35%"
"Aug 22, 2020","0.0512","0.0508","0.0515","0.0505","52.64K","0.74%"
"Aug 21, 2020","0.0508","0.0510","0.0533","0.0508","17.86K","-0.43%"
"Aug 20, 2020","0.0510","0.0542","0.0544","0.0510","6.01K","-5.79%"
"Aug 19, 2020","0.0542","0.0572","0.0574","0.0520","67.01K","-5.36%"
"Aug 18, 2020","0.0572","0.0555","0.0573","0.0548","49.96K","3.10%"
"Aug 17, 2020","0.0555","0.0530","0.0555","0.0530","56.15K","4.71%"
"Aug 16, 2020","0.0530","0.0539","0.0541","0.0530","20.63K","-1.61%"
"Aug 15, 2020","0.0539","0.0530","0.0560","0.0510","17.33K","1.66%"
"Aug 14, 2020","0.0530","0.0549","0.0549","0.0530","64.22K","-3.45%"
"Aug 13, 2020","0.0549","0.0518","0.0549","0.0502","7.29K","5.90%"
"Aug 12, 2020","0.0518","0.0519","0.0544","0.0506","5.34K","0.00%"
"Aug 11, 2020","0.0519","0.0529","0.0553","0.0514","53.24K","-2.00%"
"Aug 10, 2020","0.0529","0.0520","0.0533","0.0516","27.56K","1.73%"
"Aug 09, 2020","0.0520","0.0504","0.0533","0.0504","22.67K","3.30%"
"Aug 08, 2020","0.0504","0.0482","0.0504","0.0482","14.77K","4.47%"
"Aug 07, 2020","0.0482","0.0492","0.0502","0.0479","30.92K","-2.05%"
"Aug 06, 2020","0.0492","0.0484","0.0513","0.0483","8.25K","1.78%"
"Aug 05, 2020","0.0484","0.0533","0.0539","0.0481","3.06K","-9.27%"
"Aug 04, 2020","0.0533","0.0486","0.0549","0.0481","1.92K","9.63%"
"Aug 03, 2020","0.0486","0.0499","0.0507","0.0486","54.62K","-2.64%"
"Aug 02, 2020","0.0499","0.0507","0.0576","0.0479","52.75K","-1.44%"
"Aug 01, 2020","0.0507","0.0513","0.0600","0.0506","41.43K","-1.34%"
"Jul 31, 2020","0.0513","0.0516","0.0529","0.0508","93.14K","-0.52%"
"Jul 30, 2020","0.0516","0.0529","0.0589","0.0516","4.04K","-2.42%"
"Jul 29, 2020","0.0529","0.0537","0.0618","0.0520","69.34K","-1.49%"
"Jul 28, 2020","0.0537","0.0495","0.0537","0.0487","40.22K","8.56%"
"Jul 27, 2020","0.0495","0.0548","0.0566","0.0486","164.24K","-9.77%"
"Jul 26, 2020","0.0548","0.0544","0.0552","0.0527","44.48K","0.76%"
"Jul 25, 2020","0.0544","0.0487","0.0586","0.0487","78.08K","11.80%"
"Jul 24, 2020","0.0487","0.0540","0.0555","0.0483","49.64K","-9.93%"
"Jul 23, 2020","0.0540","0.0539","0.0549","0.0539","75.56K","0.15%"
"Jul 22, 2020","0.0539","0.0540","0.0543","0.0539","25.76K","0.00%"
"Jul 21, 2020","0.0540","0.0563","0.0563","0.0539","37.09K","-4.20%"
"Jul 20, 2020","0.0563","0.0535","0.0608","0.0535","24.37K","5.31%"
"Jul 19, 2020","0.0535","0.0483","0.0553","0.0483","42.43K","10.69%"
"Jul 18, 2020","0.0483","0.0568","0.0568","0.0483","12.26K","-14.96%"
"Jul 17, 2020","0.0568","0.0576","0.0576","0.0568","0.51K","-1.26%"
"Jul 16, 2020","0.0576","0.0577","0.0577","0.0575","2.18K","-0.17%"
"Jul 15, 2020","0.0577","0.0520","0.0579","0.0518","2.73K","10.79%"
"Jul 14, 2020","0.0520","0.0530","0.0530","0.0511","21.97K","-1.84%"
"Jul 13, 2020","0.0530","0.0575","0.0575","0.0525","0.81K","-7.77%"
"Jul 12, 2020","0.0575","0.0511","0.0575","0.0511","1.24K","12.50%"
"Jul 11, 2020","0.0511","0.0511","0.0513","0.0511","2.58K","0.00%"
"Jul 10, 2020","0.0511","0.0552","0.0572","0.0511","35.37K","-7.30%"
"Jul 09, 2020","0.0552","0.0552","0.0556","0.0551","4.30K","0.00%"
"Jul 08, 2020","0.0552","0.0550","0.0600","0.0548","30.23K","0.25%"
"Jul 07, 2020","0.0550","0.0610","0.0610","0.0548","13.85K","-9.73%"
"Jul 06, 2020","0.0610","0.0610","0.0610","0.0610","2.04K","0.00%"
"Jul 05, 2020","0.0610","0.0595","0.0610","0.0595","2.04K","2.55%"
"Jul 04, 2020","0.0595","0.0610","0.0610","0.0589","3.26K","-2.54%"
"Jul 03, 2020","0.0610","0.0531","0.0610","0.0528","33.16K","14.89%"
"Jul 02, 2020","0.0531","0.0486","0.0549","0.0485","40.06K","9.16%"
"Jul 01, 2020","0.0486","0.0542","0.0545","0.0475","87.82K","-10.31%"
"Jun 30, 2020","0.0542","0.0550","0.0558","0.0475","45.82K","-1.36%"
"Jun 29, 2020","0.0550","0.0457","0.0550","0.0457","90.73K","20.19%"
"Jun 28, 2020","0.0457","0.0460","0.0490","0.0433","78.95K","-0.44%"
"Jun 27, 2020","0.0460","0.0506","0.0533","0.0456","122.21K","-9.24%"
"Jun 26, 2020","0.0506","0.0507","0.0590","0.0431","29.42K","-0.18%"
"Jun 25, 2020","0.0507","0.0524","0.0571","0.0507","49.23K","-3.22%"
"Jun 24, 2020","0.0524","0.0583","0.0607","0.0511","6.82K","-10.08%"
"Jun 23, 2020","0.0583","0.0570","0.0592","0.0568","1.09K","2.33%"
"Jun 22, 2020","0.0570","0.0517","0.0570","0.0517","1.23K","10.14%"
"Jun 21, 2020","0.0517","0.0506","0.0547","0.0506","6.74K","2.22%"
"Jun 20, 2020","0.0506","0.0531","0.0634","0.0506","13.20K","-4.80%"
"Jun 19, 2020","0.0531","0.0631","0.0631","0.0531","7.16K","-15.72%"
"Jun 18, 2020","0.0631","0.0656","0.0656","0.0631","0.42K","-3.87%"
"Jun 17, 2020","0.0656","0.0516","0.0688","0.0493","6.54K","27.19%"
"Jun 16, 2020","0.0516","0.0498","0.0516","0.0498","0.71K","3.53%"
"Jun 15, 2020","0.0498","0.0590","0.0590","0.0487","9.54K","-15.56%"
"Jun 14, 2020","0.0590","0.0572","0.0617","0.0554","1.96K","3.14%"
"Jun 13, 2020","0.0572","0.0521","0.0572","0.0510","10.36K","9.75%"
"Jun 12, 2020","0.0521","0.0509","0.0613","0.0506","26.69K","2.33%"
"Jun 11, 2020","0.0509","0.0629","0.0629","0.0509","142.19K","-19.00%"
"Jun 10, 2020","0.0629","0.0800","0.0815","0.0605","12.07K","-21.41%"
"Jun 09, 2020","0.0800","0.0721","0.0800","0.0721","8.92K","10.90%"
"Jun 08, 2020","0.0721","0.0804","0.0805","0.0721","0.31K","-10.31%"
"Jun 07, 2020","0.0804","0.0750","0.0849","0.0750","24.47K","7.22%"
"Jun 06, 2020","0.0750","0.0796","0.0808","0.0732","21.70K","-5.81%"
"Jun 05, 2020","0.0796","0.0723","0.0796","0.0611","110.43K","10.21%"
"Jun 04, 2020","0.0723","0.0441","0.0728","0.0441","67.44K","64.02%"
"Jun 03, 2020","0.0441","0.0446","0.0446","0.0440","9.25K","-1.16%"
"Jun 02, 2020","0.0446","0.0459","0.0462","0.0441","15.77K","-2.89%"
"Jun 01, 2020","0.0459","0.0458","0.0508","0.0453","11.14K","0.11%"
"May 31, 2020","0.0458","0.0490","0.0492","0.0450","5.69K","-7.90%"
"May 30, 2020","0.0498","0.0438","0.0510","0.0438","23.55K","13.60%"
"May 29, 2020","0.0438","0.0445","0.0467","0.0438","8.14K","-1.50%"
"May 28, 2020","0.0445","0.0437","0.0449","0.0431","4.41K","1.87%"
"May 27, 2020","0.0437","0.0441","0.0443","0.0437","1.02K","-0.96%"
"May 26, 2020","0.0441","0.0440","0.0441","0.0439","0.92K","0.32%"
"May 25, 2020","0.0440","0.0462","0.0471","0.0440","0.84K","-4.93%"
"May 24, 2020","0.0462","0.0415","0.0520","0.0411","35.75K","11.35%"
"May 23, 2020","0.0415","0.0403","0.0415","0.0384","27.22K","2.96%"
"May 22, 2020","0.0403","0.0473","0.0473","0.0403","17.96K","-14.80%"
"May 21, 2020","0.0473","0.0403","0.0474","0.0389","60.16K","17.34%"
"May 20, 2020","0.0403","0.0340","0.0403","0.0340","38.22K","18.64%"
"May 19, 2020","0.0340","0.0340","0.0340","0.0340","-","0.00%"
"May 18, 2020","0.0340","0.0353","0.0353","0.0340","9.66K","-3.58%"
"May 17, 2020","0.0353","0.0302","0.0353","0.0302","6.22K","16.68%"
"May 16, 2020","0.0302","0.0302","0.0302","0.0302","-","0.00%"
"May 15, 2020","0.0302","0.0300","0.0302","0.0299","1.11K","0.69%"
"May 14, 2020","0.0300","0.0323","0.0339","0.0299","26.25K","-7.07%"
"May 13, 2020","0.0323","0.0330","0.0330","0.0313","12.99K","-2.12%"
"May 12, 2020","0.0330","0.0330","0.0330","0.0329","12.70K","0.00%"
"May 11, 2020","0.0330","0.0329","0.0330","0.0329","10.89K","0.30%"
"May 10, 2020","0.0329","0.0327","0.0333","0.0327","11.44K","0.60%"
"May 09, 2020","0.0327","0.0332","0.0332","0.0327","0.52K","-1.47%"
"May 08, 2020","0.0332","0.0336","0.0336","0.0332","0.92K","-1.07%"
"May 07, 2020","0.0336","0.0327","0.0336","0.0327","1.73K","2.59%"
"May 06, 2020","0.0327","0.0322","0.0327","0.0319","0.52K","1.46%"
"May 05, 2020","0.0322","0.0364","0.0364","0.0319","4.14K","-11.56%"
"May 04, 2020","0.0364","0.0370","0.0371","0.0364","12.22K","-1.49%"
"May 03, 2020","0.0370","0.0360","0.0370","0.0360","35.22K","2.78%"
"May 02, 2020","0.0360","0.0345","0.0360","0.0345","20.58K","4.35%"
"May 01, 2020","0.0345","0.0265","0.0345","0.0265","10.98K","30.37%"
"Apr 30, 2020","0.0265","0.0302","0.0344","0.0265","7.36K","-12.33%"
"Apr 29, 2020","0.0302","0.0345","0.0345","0.0280","0.68K","-12.49%"
"Apr 28, 2020","0.0345","0.0345","0.0345","0.0345","-","0.00%"
"Apr 27, 2020","0.0345","0.0302","0.0345","0.0302","0.11K","14.14%"
"Apr 26, 2020","0.0302","0.0345","0.0345","0.0297","3.84K","-12.39%"
"Apr 25, 2020","0.0345","0.0324","0.0345","0.0301","0.11K","6.46%"
"Apr 24, 2020","0.0324","0.0299","0.0345","0.0283","6.06K","8.35%"
"Apr 23, 2020","0.0299","0.0290","0.0299","0.0289","59.93K","3.16%"
"Apr 22, 2020","0.0290","0.0270","0.0290","0.0252","10.26K","7.35%"
"Apr 21, 2020","0.0270","0.0278","0.0280","0.0270","0.50K","-2.94%"
"Apr 20, 2020","0.0278","0.0279","0.0279","0.0277","14.30K","-0.24%"
"Apr 19, 2020","0.0279","0.0279","0.0279","0.0279","-","-0.41%"
"Apr 18, 2020","0.0280","0.0280","0.0280","0.0280","-","0.00%"
"Apr 17, 2020","0.0280","0.0279","0.0280","0.0270","0.56K","0.23%"
"Apr 16, 2020","0.0279","0.0270","0.0279","0.0270","1.43K","3.46%"
"Apr 15, 2020","0.0270","0.0270","0.0270","0.0270","-","0.00%"
"Apr 14, 2020","0.0270","0.0281","0.0281","0.0270","0.56K","-3.97%"
"Apr 13, 2020","0.0281","0.0291","0.0291","0.0277","34.70K","-3.43%"
"Apr 12, 2020","0.0291","0.0285","0.0291","0.0285","41.37K","2.13%"
"Apr 11, 2020","0.0285","0.0240","0.0285","0.0238","29.94K","18.86%"
"Apr 10, 2020","0.0240","0.0331","0.0367","0.0240","49.15K","-27.43%"
"Apr 09, 2020","0.0331","0.0345","0.0345","0.0331","14.49K","-4.20%"
"Apr 08, 2020","0.0345","0.0344","0.0345","0.0344","8.52K","0.41%"
"Apr 07, 2020","0.0344","0.0296","0.0345","0.0296","9.13K","16.10%"
"Apr 06, 2020","0.0296","0.0268","0.0296","0.0268","0.75K","10.55%"
"Apr 05, 2020","0.0268","0.0296","0.0296","0.0267","-","-9.41%"
"Apr 04, 2020","0.0296","0.0297","0.0297","0.0290","0.15K","-0.55%"
"Apr 03, 2020","0.0297","0.0301","0.0302","0.0297","8.34K","-1.30%"
"Apr 02, 2020","0.0301","0.0284","0.0304","0.0262","7.66K","5.85%"
"Apr 01, 2020","0.0284","0.0300","0.0301","0.0284","15.29K","-5.12%"
"Mar 31, 2020","0.0300","0.0304","0.0304","0.0296","1.34K","-1.31%"
"Mar 30, 2020","0.0304","0.0277","0.0304","0.0275","17.81K","9.81%"
"Mar 29, 2020","0.0277","0.0286","0.0301","0.0277","25.58K","-3.19%"
"Mar 28, 2020","0.0286","0.0302","0.0302","0.0282","96.21K","-5.45%"
"Mar 27, 2020","0.0302","0.0310","0.0310","0.0301","27.69K","-2.55%"
"Mar 26, 2020","0.0310","0.0304","0.0311","0.0303","51.54K","2.14%"
"Mar 25, 2020","0.0304","0.0312","0.0318","0.0301","74.45K","-2.69%"
"Mar 24, 2020","0.0312","0.0308","0.0321","0.0306","60.95K","1.48%"
"Mar 23, 2020","0.0308","0.0317","0.0323","0.0300","61.03K","-2.97%"
"Mar 22, 2020","0.0317","0.0355","0.0355","0.0301","87.19K","-10.71%"
"Mar 21, 2020","0.0355","0.0364","0.0365","0.0351","11.24K","-2.37%"
"Mar 20, 2020","0.0364","0.0373","0.0389","0.0355","144.12K","-2.54%"
"Mar 19, 2020","0.0373","0.0349","0.0389","0.0332","132.34K","6.82%"
"Mar 18, 2020","0.0349","0.0399","0.0422","0.0349","47.32K","-12.39%"
"Mar 17, 2020","0.0399","0.0339","0.0413","0.0335","267.12K","17.75%"
"Mar 16, 2020","0.0339","0.0271","0.0341","0.0231","95.64K","24.84%"
"Mar 15, 2020","0.0271","0.0298","0.0308","0.0271","35.48K","-8.98%"
"Mar 14, 2020","0.0298","0.0256","0.0326","0.0246","28.93K","16.46%"
"Mar 13, 2020","0.0256","0.0237","0.0288","0.0217","162.95K","7.87%"
"Mar 12, 2020","0.0237","0.0389","0.0390","0.0233","81.88K","-39.10%"
"Mar 11, 2020","0.0389","0.0452","0.0460","0.0389","8.61K","-13.91%"
"Mar 10, 2020","0.0452","0.0490","0.0490","0.0389","10.12K","-7.66%"
"Mar 09, 2020","0.0490","0.0431","0.0490","0.0415","9.03K","13.73%"
"Mar 08, 2020","0.0431","0.0474","0.0477","0.0431","9.62K","-9.11%"
"Mar 07, 2020","0.0474","0.0475","0.0514","0.0471","17.49K","-0.31%"
"Mar 06, 2020","0.0475","0.0502","0.0521","0.0473","18.29K","-5.39%"
"Mar 05, 2020","0.0502","0.0505","0.0519","0.0470","80.15K","-0.47%"
"Mar 04, 2020","0.0505","0.0470","0.0505","0.0470","5.32K","7.45%"
"Mar 03, 2020","0.0470","0.0478","0.0503","0.0456","5.40K","-1.78%"
"Mar 02, 2020","0.0478","0.0426","0.0478","0.0389","65.16K","12.16%"
"Mar 01, 2020","0.0426","0.0481","0.0482","0.0421","7.21K","-11.44%"
"Feb 29, 2020","0.0481","0.0459","0.0481","0.0438","4.14K","4.88%"
"Feb 28, 2020","0.0459","0.0453","0.0531","0.0427","65.02K","1.31%"
"Feb 27, 2020","0.0453","0.0360","0.0484","0.0360","55.05K","25.87%"
"Feb 26, 2020","0.0360","0.0410","0.0410","0.0357","16.71K","-12.13%"
"Feb 25, 2020","0.0410","0.0460","0.0460","0.0410","34.37K","-10.88%"
"Feb 24, 2020","0.0460","0.0455","0.0460","0.0453","1.07K","0.93%"
"Feb 23, 2020","0.0455","0.0476","0.0539","0.0453","4.33K","-4.30%"
"Feb 22, 2020","0.0476","0.0530","0.0530","0.0457","0.58K","-10.23%"
"Feb 21, 2020","0.0530","0.0447","0.0530","0.0444","35.08K","18.67%"
"Feb 20, 2020","0.0447","0.0513","0.0513","0.0447","46.15K","-12.90%"
"Feb 19, 2020","0.0513","0.0456","0.0532","0.0456","11.94K","12.61%"
"Feb 18, 2020","0.0456","0.0584","0.0594","0.0448","70.37K","-21.98%"
"Feb 17, 2020","0.0584","0.0600","0.0609","0.0584","46.49K","-2.69%"
"Feb 16, 2020","0.0600","0.0613","0.0678","0.0533","130.49K","-2.05%"
"Feb 15, 2020","0.0613","0.0628","0.0918","0.0575","471.51K","-2.47%"
"Feb 14, 2020","0.0628","0.0305","0.0659","0.0299","699.49K","105.61%"
"Feb 13, 2020","0.0305","0.0342","0.0447","0.0305","58.67K","-10.57%"
"Feb 12, 2020","0.0342","0.0463","0.0463","0.0342","7.22K","-26.26%"
"Feb 11, 2020","0.0463","0.0341","0.0463","0.0341","6.20K","36.02%"
"Feb 10, 2020","0.0341","0.0457","0.0457","0.0341","17.69K","-25.55%"
"Feb 09, 2020","0.0457","0.0302","0.0457","0.0286","8.95K","51.33%"
"Feb 08, 2020","0.0302","0.0416","0.0434","0.0272","58.68K","-27.42%"
"Feb 07, 2020","0.0416","0.0411","0.0416","0.0401","27.55K","1.24%"
"Feb 06, 2020","0.0411","0.0343","0.0411","0.0250","27.37K","19.92%"
"Feb 05, 2020","0.0343","0.0350","0.0350","0.0343","2.28K","-1.99%"
"Feb 04, 2020","0.0350","0.0282","0.0350","0.0282","2.13K","24.15%"
"Feb 03, 2020","0.0282","0.0263","0.0282","0.0258","5.68K","7.11%"
"Feb 02, 2020","0.0263","0.0210","0.0290","0.0210","9.61K","25.46%"
"Feb 01, 2020","0.0210","0.0289","0.0289","0.0206","44.01K","-27.49%"
"Jan 31, 2020","0.0289","0.0218","0.0289","0.0208","4.49K","32.63%"
"Jan 30, 2020","0.0218","0.0248","0.0377","0.0208","21.30K","-12.14%"
"Jan 29, 2020","0.0248","0.0274","0.0278","0.0211","5.69K","-9.43%"
"Jan 28, 2020","0.0274","0.0276","0.0289","0.0273","0.27K","-0.48%"
"Jan 27, 2020","0.0276","0.0229","0.0293","0.0206","0.26K","20.19%"
"Jan 26, 2020","0.0229","0.0295","0.0296","0.0227","-","-22.29%"
"Jan 25, 2020","0.0295","0.0295","0.0295","0.0295","4.40K","0.00%"
"Jan 24, 2020","0.0295","0.0258","0.0295","0.0257","4.40K","14.48%"
"Jan 23, 2020","0.0258","0.0366","0.0366","0.0212","7.11K","-29.57%"
"Jan 22, 2020","0.0366","0.0366","0.0366","0.0366","-","24.12%"
"Jan 20, 2020","0.0295","0.0295","0.0295","0.0295","-","0.00%"
"Jan 19, 2020","0.0295","0.0360","0.0360","0.0295","5.15K","-18.11%"
"Jan 18, 2020","0.0360","0.0309","0.0360","0.0309","4.92K","16.61%"
"Jan 17, 2020","0.0309","0.0287","0.0309","0.0286","0.45K","7.59%"
"Jan 16, 2020","0.0287","0.0287","0.0287","0.0287","35.65K","0.00%"
"Jan 15, 2020","0.0287","0.0210","0.0287","0.0210","40.46K","36.72%"
"Jan 14, 2020","0.0210","0.0192","0.0300","0.0187","27.90K","9.28%"
"Jan 13, 2020","0.0192","0.0181","0.0192","0.0180","2.71K","5.92%"
"Jan 12, 2020","0.0181","0.0239","0.0246","0.0165","15.67K","-24.22%"
"Jan 11, 2020","0.0239","0.0181","0.0239","0.0175","0.62K","32.15%"
"Jan 10, 2020","0.0181","0.0259","0.0259","0.0181","18.46K","-30.18%"
"Jan 09, 2020","0.0259","0.0252","0.0271","0.0178","4.35K","2.99%"
"Jan 08, 2020","0.0252","0.0204","0.0252","0.0204","0.25K","23.34%"
"Jan 07, 2020","0.0204","0.0350","0.0350","0.0188","10.82K","-41.67%"
"Jan 06, 2020","0.0350","0.0332","0.0350","0.0332","12.53K","5.41%"
"Jan 05, 2020","0.0332","0.0274","0.0332","0.0266","6.70K","0.52%"
"Jan 01, 2020","0.0330","0.0330","0.0330","0.0330","-","0.00%"
"Dec 31, 2019","0.0330","0.0330","0.0330","0.0330","1.00K","0.00%"
"Dec 30, 2019","0.0330","0.0330","0.0330","0.0330","1.00K","0.00%"
"Dec 29, 2019","0.0330","0.0258","0.0330","0.0258","1.00K","28.00%"
"Dec 28, 2019","0.0258","0.0330","0.0330","0.0194","2.51K","-21.87%"
"Dec 27, 2019","0.0330","0.0330","0.0330","0.0330","-","0.00%"
"Dec 26, 2019","0.0330","0.0166","0.0330","0.0166","3.00K","98.21%"
"Dec 25, 2019","0.0166","0.0168","0.0231","0.0166","0.10K","-1.14%"
"Dec 24, 2019","0.0168","0.0231","0.0231","0.0168","0.10K","-27.04%"
"Dec 23, 2019","0.0231","0.0212","0.0231","0.0212","0.43K","8.72%"
"Dec 22, 2019","0.0212","0.0184","0.0212","0.0174","6.46K","15.15%"
"Dec 21, 2019","0.0184","0.0231","0.0231","0.0178","3.61K","-20.12%"
"Dec 20, 2019","0.0231","0.0231","0.0231","0.0231","0.43K","0.00%"
"Dec 19, 2019","0.0231","0.0175","0.0231","0.0175","0.43K","31.59%"
"Dec 18, 2019","0.0175","0.0215","0.0230","0.0175","98.70K","-18.63%"
"Dec 17, 2019","0.0215","0.0248","0.0248","0.0181","5.36K","-13.07%"
"Dec 16, 2019","0.0248","0.0250","0.0250","0.0243","1.90K","-1.04%"
"Dec 15, 2019","0.0250","0.0210","0.0251","0.0208","2.62K","19.52%"
"Dec 14, 2019","0.0210","0.0196","0.0238","0.0196","18.64K","6.99%"
"Dec 13, 2019","0.0196","0.0270","0.0272","0.0196","0.62K","-27.53%"
"Dec 12, 2019","0.0270","0.0246","0.0275","0.0243","0.32K","9.75%"
"Dec 11, 2019","0.0246","0.0255","0.0255","0.0203","4.49K","-3.41%"
"Dec 10, 2019","0.0255","0.0218","0.0255","0.0218","2.61K","16.99%"
"Dec 09, 2019","0.0218","0.0235","0.0255","0.0218","6.56K","-7.23%"
"Dec 08, 2019","0.0235","0.0248","0.0248","0.0232","4.25K","-5.24%"
"Dec 07, 2019","0.0248","0.0235","0.0255","0.0223","3.05K","5.36%"
"Dec 06, 2019","0.0235","0.0234","0.0237","0.0220","6.73K","0.66%"
"Dec 05, 2019","0.0234","0.0245","0.0276","0.0234","6.54K","-4.66%"
"Dec 04, 2019","0.0245","0.0260","0.0280","0.0207","10.47K","-5.52%"
"Dec 03, 2019","0.0260","0.0267","0.0290","0.0260","1.80K","-2.84%"
"Dec 02, 2019","0.0267","0.0269","0.0271","0.0260","0.52K","-0.74%"
"Dec 01, 2019","0.0269","0.0271","0.0276","0.0266","0.52K","-0.60%"
"Nov 30, 2019","0.0271","0.0225","0.0271","0.0225","0.51K","20.22%"
"Nov 29, 2019","0.0225","0.0223","0.0229","0.0214","4.84K","1.18%"
"Nov 28, 2019","0.0223","0.0219","0.0223","0.0213","29.21K","1.80%"
"Nov 27, 2019","0.0219","0.0232","0.0236","0.0207","10.66K","-5.59%"
"Nov 26, 2019","0.0232","0.0251","0.0253","0.0232","3.01K","-7.74%"
"Nov 25, 2019","0.0251","0.0326","0.0326","0.0251","2.10K","-23.09%"
"Nov 24, 2019","0.0326","0.0237","0.0326","0.0229","0.33K","37.48%"
"Nov 23, 2019","0.0237","0.0290","0.0337","0.0237","1.41K","-18.16%"
"Nov 22, 2019","0.0290","0.0217","0.0290","0.0192","3.79K","33.55%"
"Nov 21, 2019","0.0217","0.0260","0.0260","0.0217","0.02K","-16.47%"
"Nov 20, 2019","0.0260","0.0259","0.0260","0.0259","22.69K","0.48%"
"Nov 19, 2019","0.0259","0.0354","0.0354","0.0246","24.53K","-26.82%"
"Nov 18, 2019","0.0354","0.0263","0.0355","0.0263","0.10K","34.45%"
"Nov 17, 2019","0.0263","0.0251","0.0357","0.0251","88.57K","4.83%"
"Nov 16, 2019","0.0251","0.0280","0.0280","0.0243","-","-10.56%"
"Nov 15, 2019","0.0280","0.0265","0.0357","0.0243","0.30K","5.68%"
"Nov 14, 2019","0.0265","0.0267","0.0357","0.0265","-","-0.73%"
"Nov 13, 2019","0.0267","0.0267","0.0268","0.0266","-","-13.75%"
"Nov 12, 2019","0.0310","0.0310","0.0310","0.0310","-","0.00%"
"Nov 11, 2019","0.0310","0.0296","0.0310","0.0296","0.50K","4.83%"
"Nov 10, 2019","0.0296","0.0310","0.0310","0.0296","0.75K","-4.61%"
"Nov 09, 2019","0.0310","0.0318","0.0319","0.0253","0.50K","-2.52%"
"Nov 08, 2019","0.0318","0.0279","0.0346","0.0279","1.39K","13.85%"
"Nov 07, 2019","0.0279","0.0340","0.0346","0.0279","0.01K","-17.90%"
"Nov 06, 2019","0.0340","0.0376","0.0376","0.0280","2.13K","-9.47%"
"Nov 05, 2019","0.0376","0.0403","0.0405","0.0376","7.92K","-6.74%"
"Nov 04, 2019","0.0403","0.0315","0.0403","0.0272","7.17K","27.93%"
"Nov 03, 2019","0.0315","0.0272","0.0315","0.0271","1.17K","15.93%"
"Nov 02, 2019","0.0272","0.0354","0.0354","0.0270","-","-23.32%"
"Nov 01, 2019","0.0354","0.0354","0.0354","0.0269","4.53K","0.00%"
"Oct 31, 2019","0.0354","0.0285","0.0354","0.0260","4.53K","24.28%"
"Oct 30, 2019","0.0285","0.0284","0.0289","0.0283","2.31K","0.31%"
"Oct 29, 2019","0.0284","0.0284","0.0295","0.0283","1.45K","0.00%"
"Oct 28, 2019","0.0284","0.0323","0.0323","0.0283","1.44K","-11.85%"
"Oct 27, 2019","0.0323","0.0313","0.0323","0.0310","1.66K","3.12%"
"Oct 26, 2019","0.0313","0.0264","0.0313","0.0264","3.54K","18.70%"
"Oct 25, 2019","0.0264","0.0265","0.0265","0.0264","2.07K","-0.38%"
"Oct 24, 2019","0.0265","0.0213","0.0265","0.0213","4.20K","24.08%"
"Oct 23, 2019","0.0213","0.0330","0.0330","0.0213","2.01K","-35.40%"
"Oct 22, 2019","0.0330","0.0372","0.0372","0.0330","1.37K","-11.29%"
"Oct 21, 2019","0.0372","0.0330","0.0372","0.0269","0.87K","12.72%"
"Oct 20, 2019","0.0330","0.0276","0.0330","0.0268","0.30K","19.88%"
"Oct 19, 2019","0.0275","0.0250","0.0277","0.0250","-","10.11%"
"Oct 18, 2019","0.0250","0.0280","0.0296","0.0250","0.00K","-10.72%"
"Oct 17, 2019","0.0280","0.0250","0.0296","0.0250","0.03K","12.01%"
"Oct 16, 2019","0.0250","0.0293","0.0293","0.0250","0.00K","-14.80%"
"Oct 15, 2019","0.0293","0.0280","0.0294","0.0280","0.09K","4.73%"
"Oct 14, 2019","0.0280","0.0285","0.0294","0.0280","7.23K","-1.66%"
"Oct 13, 2019","0.0285","0.0294","0.0294","0.0283","-","-3.00%"
"Oct 12, 2019","0.0294","0.0293","0.0294","0.0265","0.09K","0.32%"
"Oct 11, 2019","0.0293","0.0285","0.0293","0.0280","0.09K","2.57%"
"Oct 10, 2019","0.0285","0.0294","0.0294","0.0285","0.17K","-2.81%"
"Oct 09, 2019","0.0294","0.0292","0.0294","0.0292","0.09K","0.49%"
"Oct 08, 2019","0.0292","0.0261","0.0292","0.0260","0.09K","12.00%"
"Oct 07, 2019","0.0261","0.0344","0.0344","0.0250","12.02K","-24.20%"
"Oct 06, 2019","0.0344","0.0388","0.0388","0.0344","0.27K","-11.28%"
"Oct 05, 2019","0.0388","0.0388","0.0388","0.0388","-","0.00%"
"Oct 04, 2019","0.0388","0.0383","0.0388","0.0383","0.19K","1.26%"
"Oct 03, 2019","0.0383","0.0255","0.0383","0.0254","9.35K","50.59%"
"Oct 02, 2019","0.0255","0.0345","0.0345","0.0255","1.51K","-26.15%"
"Oct 01, 2019","0.0345","0.0341","0.0345","0.0341","0.60K","1.09%"
"Sep 30, 2019","0.0341","0.0351","0.0351","0.0247","0.55K","-2.95%"
"Sep 29, 2019","0.0351","0.0352","0.0366","0.0288","0.58K","0.00%"
"Sep 28, 2019","0.0352","0.0366","0.0366","0.0351","0.59K","-3.91%"
"Sep 27, 2019","0.0366","0.0359","0.0366","0.0348","0.50K","1.94%"
"Sep 26, 2019","0.0359","0.0298","0.0387","0.0298","66.07K","20.50%"
"Sep 25, 2019","0.0298","0.0333","0.0335","0.0298","7.59K","-10.52%"
"Sep 24, 2019","0.0333","0.0398","0.0428","0.0333","20.31K","-16.33%"
"Sep 23, 2019","0.0398","0.0399","0.0413","0.0398","24.36K","-0.37%"
"Sep 22, 2019","0.0399","0.0381","0.0402","0.0373","17.32K","4.81%"
"Sep 21, 2019","0.0381","0.0401","0.0420","0.0381","2.06K","-4.97%"
"Sep 20, 2019","0.0401","0.0398","0.0425","0.0398","3.27K","0.63%"
"Sep 19, 2019","0.0398","0.0391","0.0423","0.0391","13.16K","1.86%"
"Sep 18, 2019","0.0391","0.0415","0.0428","0.0391","24.88K","-5.73%"
"Sep 17, 2019","0.0415","0.0389","0.0415","0.0382","19.39K","6.71%"
"Sep 16, 2019","0.0389","0.0421","0.0422","0.0389","18.88K","-7.61%"
"Sep 15, 2019","0.0421","0.0426","0.0432","0.0418","1.20K","-1.31%"
"Sep 14, 2019","0.0426","0.0426","0.0426","0.0426","-","-1.33%"
"Sep 13, 2019","0.0432","0.0432","0.0432","0.0432","-","0.00%"
"Sep 12, 2019","0.0432","0.0388","0.0432","0.0388","0.60K","11.46%"
"Sep 11, 2019","0.0388","0.0383","0.0398","0.0383","2.34K","1.24%"
"Sep 10, 2019","0.0383","0.0380","0.0431","0.0380","12.80K","0.79%"
"Sep 09, 2019","0.0380","0.0410","0.0433","0.0380","35.90K","-7.37%"
"Sep 08, 2019","0.0410","0.0411","0.0416","0.0401","12.04K","-0.23%"
"Sep 07, 2019","0.0411","0.0407","0.0411","0.0395","5.91K","1.10%"
"Sep 06, 2019","0.0407","0.0407","0.0415","0.0407","9.42K","0.00%"
"Sep 05, 2019","0.0407","0.0413","0.0413","0.0407","1.69K","-1.40%"
"Sep 04, 2019","0.0413","0.0419","0.0424","0.0398","5.38K","-1.40%"
"Sep 03, 2019","0.0419","0.0410","0.0434","0.0398","42.85K","2.14%"
"Sep 02, 2019","0.0410","0.0385","0.0410","0.0385","13.68K","6.54%"
"Sep 01, 2019","0.0385","0.0385","0.0397","0.0385","12.65K","0.00%"
"Aug 31, 2019","0.0385","0.0515","0.0515","0.0380","20.03K","-25.27%"
"Aug 30, 2019","0.0515","0.0439","0.0548","0.0389","75.71K","17.16%"
"Aug 29, 2019","0.0439","0.0429","0.0448","0.0412","97.91K","2.40%"
"Aug 28, 2019","0.0429","0.0482","0.0538","0.0429","37.10K","-10.92%"
"Aug 27, 2019","0.0482","0.0503","0.0503","0.0406","31.08K","-4.31%"
"Aug 26, 2019","0.0503","0.0541","0.0541","0.0503","125.62K","-6.98%"
"Aug 25, 2019","0.0541","0.0540","0.0541","0.0540","6.78K","0.27%"
"Aug 24, 2019","0.0540","0.0550","0.0552","0.0533","12.47K","-1.84%"
"Aug 23, 2019","0.0550","0.0520","0.0560","0.0520","10.33K","5.74%"
"Aug 22, 2019","0.0520","0.0536","0.0536","0.0506","0.89K","-3.09%"
"Aug 21, 2019","0.0536","0.0544","0.0556","0.0510","50.56K","-1.32%"
"Aug 20, 2019","0.0544","0.0504","0.0566","0.0504","74.60K","7.89%"
"Aug 19, 2019","0.0504","0.0538","0.0566","0.0504","8.19K","-6.29%"
"Aug 18, 2019","0.0538","0.0573","0.0573","0.0536","2.33K","-6.13%"
"Aug 17, 2019","0.0573","0.0556","0.0573","0.0553","21.32K","3.00%"
"Aug 16, 2019","0.0556","0.0515","0.0569","0.0510","6.92K","7.94%"
"Aug 15, 2019","0.0515","0.0536","0.0536","0.0510","89.36K","-3.88%"
"Aug 14, 2019","0.0536","0.0624","0.0624","0.0534","15.29K","-14.08%"
"Aug 13, 2019","0.0624","0.0610","0.0656","0.0602","150.51K","2.23%"
"Aug 12, 2019","0.0610","0.0629","0.0629","0.0590","12.75K","-2.91%"
"Aug 11, 2019","0.0629","0.0582","0.0629","0.0580","0.08K","8.01%"
"Aug 10, 2019","0.0582","0.0580","0.0582","0.0580","0.95K","0.33%"
"Aug 09, 2019","0.0580","0.0612","0.0612","0.0555","0.40K","-5.23%"
"Aug 08, 2019","0.0612","0.0579","0.0613","0.0579","10.05K","5.69%"
"Aug 07, 2019","0.0579","0.0584","0.0603","0.0572","150.69K","-0.83%"
"Aug 06, 2019","0.0584","0.0574","0.0607","0.0573","188.68K","1.73%"
"Aug 05, 2019","0.0574","0.0602","0.0727","0.0573","0.64K","-4.68%"
"Aug 04, 2019","0.0602","0.0600","0.0607","0.0600","3.63K","0.39%"
"Aug 03, 2019","0.0600","0.0600","0.0600","0.0590","77.62K","0.00%"
"Aug 02, 2019","0.0600","0.0582","0.0618","0.0582","15.53K","2.93%"
"Aug 01, 2019","0.0582","0.0604","0.0604","0.0565","0.46K","-3.55%"
"Jul 31, 2019","0.0604","0.0557","0.0612","0.0557","2.79K","8.51%"
"Jul 30, 2019","0.0557","0.0576","0.0576","0.0544","0.28K","-3.31%"
"Jul 29, 2019","0.0576","0.0694","0.0775","0.0576","0.57K","-17.04%"
"Jul 28, 2019","0.0694","0.0611","0.0723","0.0596","3.50K","13.47%"
"Jul 27, 2019","0.0611","0.0610","0.0613","0.0552","3.45K","0.31%"
"Jul 26, 2019","0.0610","0.0460","0.0652","0.0460","19.54K","32.64%"
"Jul 25, 2019","0.0460","0.0606","0.0609","0.0460","14.44K","-24.22%"
"Jul 24, 2019","0.0606","0.0620","0.0643","0.0579","10.30K","-2.19%"
"Jul 23, 2019","0.0620","0.0669","0.0669","0.0616","2.77K","-7.31%"
"Jul 22, 2019","0.0669","0.0644","0.0669","0.0630","0.78K","3.81%"
"Jul 21, 2019","0.0644","0.0719","0.0728","0.0615","5.73K","-10.38%"
"Jul 20, 2019","0.0719","0.0703","0.0821","0.0691","163.20K","2.33%"
"Jul 19, 2019","0.0703","0.0477","0.0725","0.0477","68.67K","47.35%"
"Jul 18, 2019","0.0477","0.0384","0.0484","0.0381","4.66K","24.21%"
"Jul 17, 2019","0.0384","0.0399","0.0481","0.0365","25.68K","-3.85%"
"Jul 16, 2019","0.0399","0.0449","0.0449","0.0365","54.63K","-11.17%"
"Jul 15, 2019","0.0449","0.0489","0.0489","0.0415","75.87K","-8.07%"
"Jul 14, 2019","0.0489","0.0538","0.0541","0.0489","185.50K","-9.21%"
"Jul 13, 2019","0.0538","0.0535","0.0562","0.0535","92.87K","0.60%"
"Jul 12, 2019","0.0535","0.0545","0.0560","0.0526","11.24K","-1.73%"
"Jul 11, 2019","0.0545","0.0607","0.0607","0.0520","148.35K","-10.27%"
"Jul 10, 2019","0.0607","0.0700","0.0761","0.0603","236.77K","-13.29%"
"Jul 09, 2019","0.0700","0.0780","0.0782","0.0700","93.03K","-10.20%"
"Jul 08, 2019","0.0780","0.0757","0.0780","0.0754","103.64K","2.96%"
"Jul 07, 2019","0.0757","0.0750","0.0781","0.0732","146.36K","0.93%"
"Jul 06, 2019","0.0750","0.0730","0.0750","0.0728","14.27K","2.81%"
"Jul 05, 2019","0.0730","0.0813","0.0820","0.0730","246.35K","-10.26%"
"Jul 04, 2019","0.0813","0.0745","0.0813","0.0737","158.13K","9.16%"
"Jul 03, 2019","0.0745","0.0784","0.0796","0.0730","36.86K","-5.04%"
"Jul 02, 2019","0.0784","0.0782","0.0803","0.0755","15.80K","0.32%"
"Jul 01, 2019","0.0782","0.0844","0.0866","0.0782","20.21K","-7.41%"
"Jun 30, 2019","0.0844","0.0838","0.0920","0.0801","10.05K","0.73%"
"Jun 29, 2019","0.0838","0.0818","0.0853","0.0791","6.99K","2.51%"
"Jun 28, 2019","0.0818","0.0767","0.0818","0.0766","7.94K","6.64%"
"Jun 27, 2019","0.0767","0.0937","0.0940","0.0764","32.76K","-18.15%"
"Jun 26, 2019","0.0937","0.0953","0.0953","0.0871","52.06K","-1.70%"
"Jun 25, 2019","0.0953","0.0981","0.0985","0.0920","0.59K","-2.85%"
"Jun 24, 2019","0.0981","0.0908","0.0984","0.0907","16.12K","8.02%"
"Jun 23, 2019","0.0908","0.1003","0.1024","0.0905","133.97K","-9.41%"
"Jun 22, 2019","0.1003","0.0960","0.1069","0.0951","144.89K","4.41%"
"Jun 21, 2019","0.0960","0.0960","0.0995","0.0957","21.40K","0.00%"
"Jun 20, 2019","0.0960","0.1043","0.1073","0.0952","23.84K","-7.93%"
"Jun 19, 2019","0.1043","0.1000","0.1107","0.0992","46.16K","4.28%"
"Jun 18, 2019","0.1000","0.0953","0.1000","0.0939","17.78K","5.00%"
"Jun 17, 2019","0.0953","0.0974","0.0991","0.0941","0.85K","-2.17%"
"Jun 16, 2019","0.0974","0.0952","0.0993","0.0947","28.35K","2.32%"
"Jun 15, 2019","0.0952","0.0997","0.0998","0.0944","16.71K","-4.55%"
"Jun 14, 2019","0.0997","0.1010","0.1042","0.0955","41.38K","-1.28%"
"Jun 13, 2019","0.1010","0.1060","0.1155","0.1010","43.34K","-4.71%"
"Jun 12, 2019","0.1060","0.0995","0.1180","0.0994","91.65K","6.57%"
"Jun 11, 2019","0.0995","0.0987","0.1005","0.0945","18.35K","0.74%"
"Jun 10, 2019","0.0987","0.0899","0.0987","0.0895","57.60K","9.77%"
"Jun 09, 2019","0.0899","0.1019","0.1019","0.0878","53.88K","-11.77%"
"Jun 08, 2019","0.1019","0.0759","0.1290","0.0758","283.30K","34.24%"
"Jun 07, 2019","0.0759","0.0720","0.0836","0.0720","18.73K","5.51%"
"Jun 06, 2019","0.0720","0.0722","0.0732","0.0718","4.96K","-0.33%"
"Jun 05, 2019","0.0722","0.0719","0.0722","0.0719","3.52K","0.41%"
"Jun 04, 2019","0.0719","0.0747","0.0747","0.0719","41.81K","-3.72%"
"Jun 03, 2019","0.0747","0.0804","0.0834","0.0731","2.37K","-7.05%"
"Jun 02, 2019","0.0804","0.0765","0.0836","0.0765","41.07K","5.09%"
"Jun 01, 2019","0.0765","0.0724","0.0765","0.0724","0.46K","5.56%"
"May 31, 2019","0.0724","0.0722","0.0740","0.0722","0.90K","0.29%"
"May 30, 2019","0.0722","0.0804","0.0845","0.0710","40.87K","-10.22%"
"May 29, 2019","0.0804","0.0823","0.0841","0.0741","19.48K","-2.25%"
"May 28, 2019","0.0823","0.0721","0.0823","0.0721","11.61K","14.11%"
"May 27, 2019","0.0721","0.0768","0.0775","0.0718","19.12K","-6.04%"
"May 26, 2019","0.0768","0.0778","0.0836","0.0741","29.02K","-1.31%"
"May 25, 2019","0.0778","0.0755","0.0880","0.0748","60.65K","3.06%"
"May 24, 2019","0.0755","0.0662","0.0755","0.0662","70.01K","14.00%"
"May 23, 2019","0.0662","0.0678","0.0685","0.0661","0.16K","-2.42%"
"May 22, 2019","0.0678","0.0681","0.0724","0.0678","0.22K","-0.43%"
"May 21, 2019","0.0681","0.0668","0.0736","0.0668","3.01K","2.05%"
"May 20, 2019","0.0668","0.0694","0.0700","0.0639","45.93K","-3.87%"
"May 19, 2019","0.0694","0.0665","0.0710","0.0665","121.87K","4.37%"
"May 18, 2019","0.0665","0.0685","0.0702","0.0665","62.67K","-2.88%"
"May 17, 2019","0.0685","0.0745","0.0745","0.0626","256.63K","-8.03%"
"May 16, 2019","0.0745","0.0668","0.0835","0.0668","213.85K","11.46%"
"May 15, 2019","0.0668","0.0628","0.0713","0.0628","75.00K","6.48%"
"May 14, 2019","0.0628","0.0612","0.0691","0.0611","96.77K","2.52%"
"May 13, 2019","0.0612","0.0617","0.0653","0.0612","48.32K","-0.82%"
"May 12, 2019","0.0617","0.0650","0.0661","0.0617","62.79K","-4.98%"
"May 11, 2019","0.0650","0.0656","0.0681","0.0616","1.44M","-0.99%"
"May 10, 2019","0.0656","0.0609","0.0656","0.0609","291.07K","7.71%"
"May 09, 2019","0.0609","0.0655","0.0658","0.0603","35.14K","-7.01%"
"May 08, 2019","0.0655","0.0660","0.0691","0.0653","14.76K","-0.66%"
"May 07, 2019","0.0660","0.0770","0.0770","0.0660","26.64K","-14.30%"
"May 06, 2019","0.0770","0.0681","0.0770","0.0681","14.63K","12.96%"
"May 05, 2019","0.0681","0.0667","0.0681","0.0661","24.56K","2.10%"
"May 04, 2019","0.0667","0.0700","0.0703","0.0667","29.70K","-4.74%"
"May 03, 2019","0.0700","0.0730","0.0730","0.0700","2.33K","-4.06%"
"May 02, 2019","0.0730","0.0734","0.0746","0.0723","14.12K","-0.54%"
"May 01, 2019","0.0734","0.0755","0.0758","0.0725","55.26K","-2.78%"
"Apr 30, 2019","0.0755","0.0710","0.0775","0.0710","3.40K","6.37%"
"Apr 29, 2019","0.0710","0.0708","0.0710","0.0661","0.24K","0.31%"
"Apr 28, 2019","0.0708","0.0710","0.0741","0.0708","9.36K","-0.39%"
"Apr 27, 2019","0.0710","0.0675","0.0777","0.0673","40.48K","5.27%"
"Apr 26, 2019","0.0675","0.0643","0.0724","0.0618","17.46K","5.01%"
"Apr 25, 2019","0.0643","0.0665","0.0711","0.0643","56.08K","-3.42%"
"Apr 24, 2019","0.0665","0.0731","0.0732","0.0612","92.97K","-8.93%"
"Apr 23, 2019","0.0731","0.0791","0.0802","0.0704","69.62K","-7.63%"
"Apr 22, 2019","0.0791","0.0803","0.0806","0.0790","1.32K","-1.47%"
"Apr 21, 2019","0.0803","0.0878","0.0879","0.0797","18.70K","-8.62%"
"Apr 20, 2019","0.0878","0.0879","0.0889","0.0878","0.39K","0.00%"
"Apr 19, 2019","0.0879","0.0895","0.0915","0.0859","73.40K","-1.84%"
"Apr 18, 2019","0.0895","0.0882","0.0900","0.0870","145.66K","1.58%"
"Apr 17, 2019","0.0882","0.0776","0.0911","0.0776","144.50K","13.54%"
"Apr 16, 2019","0.0776","0.0860","0.0860","0.0770","130.30K","-9.70%"
"Apr 15, 2019","0.0860","0.0864","0.0866","0.0859","0.66K","-0.45%"
"Apr 14, 2019","0.0864","0.0869","0.0870","0.0864","0.68K","-0.59%"
"Apr 13, 2019","0.0869","0.0835","0.0869","0.0791","34.42K","4.05%"
"Apr 12, 2019","0.0835","0.0810","0.0843","0.0796","4.74K","3.08%"
"Apr 11, 2019","0.0810","0.0842","0.0861","0.0778","15.49K","-3.83%"
"Apr 10, 2019","0.0842","0.0738","0.0870","0.0735","15.91K","14.21%"
"Apr 09, 2019","0.0738","0.0809","0.0811","0.0737","15.48K","-8.85%"
"Apr 08, 2019","0.0809","0.0811","0.0838","0.0773","79.27K","-0.23%"
"Apr 07, 2019","0.0811","0.0756","0.0811","0.0743","26.44K","7.33%"
"Apr 06, 2019","0.0756","0.0691","0.0756","0.0658","36.81K","9.37%"
"Apr 05, 2019","0.0691","0.0661","0.0701","0.0660","17.94K","4.57%"
"Apr 04, 2019","0.0661","0.0648","0.0706","0.0648","269.09K","1.88%"
"Apr 03, 2019","0.0648","0.0665","0.0705","0.0648","86.90K","-2.50%"
"Apr 02, 2019","0.0665","0.0609","0.0668","0.0609","152.66K","9.19%"
"Apr 01, 2019","0.0609","0.0641","0.0641","0.0609","9.30K","-5.83%"
"Mar 31, 2019","0.0647","0.0597","0.0658","0.0597","18.38K","8.37%"
"Mar 30, 2019","0.0597","0.0601","0.0713","0.0597","41.01K","-0.64%"
"Mar 29, 2019","0.0601","0.0632","0.0676","0.0600","73.34K","-4.97%"
"Mar 28, 2019","0.0632","0.0670","0.0670","0.0599","151.36K","-5.62%"
"Mar 27, 2019","0.0670","0.0670","0.0670","0.0534","15.17K","0.00%"
"Mar 26, 2019","0.0670","0.0573","0.0670","0.0560","22.20K","16.96%"
"Mar 25, 2019","0.0573","0.0678","0.0678","0.0573","31.03K","-15.60%"
"Mar 24, 2019","0.0678","0.0621","0.0678","0.0609","17.80K","9.28%"
"Mar 23, 2019","0.0621","0.0625","0.0636","0.0616","0.49K","-0.73%"
"Mar 22, 2019","0.0625","0.0624","0.0627","0.0604","11.07K","0.28%"
"Mar 21, 2019","0.0624","0.0651","0.0727","0.0618","199.11K","-4.22%"
"Mar 20, 2019","0.0651","0.0630","0.0739","0.0630","269.05K","3.33%"
"Mar 19, 2019","0.0630","0.0634","0.0748","0.0630","45.85K","-0.66%"
"Mar 18, 2019","0.0634","0.0676","0.0716","0.0628","402.84K","-6.22%"
"Mar 17, 2019","0.0676","0.0616","0.0696","0.0611","13.98K","9.76%"
"Mar 16, 2019","0.0616","0.0652","0.0653","0.0616","99.61K","-5.45%"
"Mar 15, 2019","0.0652","0.0630","0.0691","0.0596","18.43K","3.37%"
"Mar 14, 2019","0.0630","0.0622","0.0726","0.0587","260.61K","1.30%"
"Mar 13, 2019","0.0622","0.0503","0.0638","0.0503","243.12K","23.60%"
"Mar 12, 2019","0.0503","0.0499","0.0524","0.0499","37.93K","0.83%"
"Mar 11, 2019","0.0499","0.0486","0.0548","0.0473","157.32K","2.65%"
"Mar 10, 2019","0.0486","0.0471","0.0533","0.0453","48.94K","3.26%"
"Mar 09, 2019","0.0471","0.0464","0.0492","0.0457","7.00K","1.44%"
"Mar 08, 2019","0.0464","0.0497","0.0503","0.0456","20.33K","-6.52%"
"Mar 07, 2019","0.0497","0.0433","0.0504","0.0433","99.62K","14.66%"
"Mar 06, 2019","0.0433","0.0405","0.0433","0.0405","6.83K","6.91%"
"Mar 05, 2019","0.0405","0.0399","0.0407","0.0395","13.83K","1.55%"
"Mar 04, 2019","0.0399","0.0419","0.0419","0.0399","9.71K","-4.83%"
"Mar 03, 2019","0.0419","0.0450","0.0458","0.0419","15.78K","-6.81%"
"Mar 02, 2019","0.0450","0.0420","0.0488","0.0420","22.80K","7.25%"
"Mar 01, 2019","0.0420","0.0401","0.0420","0.0400","2.43K","4.69%"
"Feb 28, 2019","0.0401","0.0406","0.0408","0.0401","10.26K","-1.28%"
"Feb 27, 2019","0.0406","0.0387","0.0430","0.0382","3.58K","4.82%"
"Feb 26, 2019","0.0387","0.0408","0.0433","0.0385","0.95K","-5.08%"
"Feb 25, 2019","0.0408","0.0423","0.0423","0.0395","43.86K","-3.51%"
"Feb 24, 2019","0.0423","0.0461","0.0462","0.0402","28.94K","-8.38%"
"Feb 23, 2019","0.0461","0.0451","0.0471","0.0448","2.63K","2.25%"
"Feb 22, 2019","0.0451","0.0458","0.0474","0.0448","13.96K","-1.38%"
"Feb 21, 2019","0.0458","0.0463","0.0467","0.0442","16.92K","-1.06%"
"Feb 20, 2019","0.0463","0.0448","0.0513","0.0448","43.28K","3.35%"
"Feb 19, 2019","0.0448","0.0459","0.0473","0.0423","68.88K","-2.40%"
"Feb 18, 2019","0.0459","0.0364","0.0610","0.0364","599.67K","26.10%"
"Feb 17, 2019","0.0364","0.0421","0.0421","0.0357","51.15K","-13.60%"
"Feb 16, 2019","0.0421","0.0358","0.0443","0.0355","10.72K","17.62%"
"Feb 15, 2019","0.0358","0.0352","0.0452","0.0352","8.59K","1.54%"
"Feb 14, 2019","0.0352","0.0348","0.0357","0.0348","4.66K","1.22%"
"Feb 13, 2019","0.0348","0.0371","0.0371","0.0348","77.61K","-6.28%"
"Feb 12, 2019","0.0371","0.0350","0.0414","0.0350","54.42K","6.04%"
"Feb 11, 2019","0.0350","0.0363","0.0365","0.0350","0.67K","-3.46%"
"Feb 10, 2019","0.0363","0.0349","0.0367","0.0349","2.71K","3.96%"
"Feb 09, 2019","0.0349","0.0350","0.0360","0.0340","36.36K","-0.30%"
"Feb 08, 2019","0.0350","0.0354","0.0366","0.0338","20.56K","-1.08%"
"Feb 07, 2019","0.0354","0.0320","0.0359","0.0304","18.21K","10.52%"
"Feb 06, 2019","0.0320","0.0326","0.0364","0.0320","63.31K","-1.66%"
"Feb 05, 2019","0.0326","0.0312","0.0328","0.0312","1.11K","4.36%"
"Feb 04, 2019","0.0312","0.0315","0.0315","0.0312","11.93K","-1.07%"
"Feb 03, 2019","0.0315","0.0322","0.0327","0.0315","6.24K","-2.13%"
"Feb 02, 2019","0.0322","0.0327","0.0334","0.0317","34.38K","-1.56%"
"Feb 01, 2019","0.0327","0.0336","0.0383","0.0321","33.35K","-2.46%"
"Jan 31, 2019","0.0336","0.0370","0.0370","0.0325","9.26K","-9.29%"
"Jan 30, 2019","0.0370","0.0335","0.0370","0.0335","21.26K","10.50%"
"Jan 29, 2019","0.0335","0.0370","0.0370","0.0317","37.72K","-9.40%"
"Jan 28, 2019","0.0370","0.0398","0.0398","0.0306","135.72K","-7.03%"
"Jan 27, 2019","0.0398","0.0380","0.0398","0.0329","147.18K","4.61%"
"Jan 26, 2019","0.0380","0.0372","0.0380","0.0369","7.89K","2.23%"
"Jan 25, 2019","0.0372","0.0370","0.0372","0.0370","7.39K","0.46%"
"Jan 24, 2019","0.0370","0.0435","0.0435","0.0363","27.45K","-14.94%"
"Jan 23, 2019","0.0435","0.0362","0.0435","0.0362","1.88K","20.17%"
"Jan 22, 2019","0.0362","0.0363","0.0378","0.0361","1.60K","-0.16%"
"Jan 21, 2019","0.0363","0.0361","0.0364","0.0361","1.06K","0.39%"
"Jan 20, 2019","0.0361","0.0395","0.0401","0.0361","10.51K","-8.68%"
"Jan 19, 2019","0.0395","0.0398","0.0400","0.0395","0.34K","-0.64%"
"Jan 18, 2019","0.0398","0.0440","0.0440","0.0398","41.24K","-9.45%"
"Jan 17, 2019","0.0440","0.0458","0.0511","0.0434","11.54K","-3.93%"
"Jan 16, 2019","0.0458","0.0381","0.0539","0.0381","179.75K","20.10%"
"Jan 15, 2019","0.0381","0.0343","0.0417","0.0343","21.15K","10.98%"
"Jan 14, 2019","0.0343","0.0342","0.0343","0.0342","4.28K","0.48%"
"Jan 13, 2019","0.0342","0.0352","0.0352","0.0321","72.09K","-2.81%"
"Jan 12, 2019","0.0352","0.0382","0.1040","0.0244","164.12K","-7.98%"
"Jan 11, 2019","0.0382","0.0355","0.0382","0.0346","4.38K","7.63%"
"Jan 10, 2019","0.0355","0.0401","0.0401","0.0346","48.54K","-11.45%"
"Jan 09, 2019","0.0401","0.0399","0.0426","0.0399","5.90K","0.38%"
"Jan 08, 2019","0.0399","0.0380","0.0430","0.0380","6.48K","5.05%"
"Jan 07, 2019","0.0380","0.0400","0.0556","0.0380","24.26K","-4.85%"
"Jan 06, 2019","0.0400","0.0414","0.0415","0.0399","8.65K","-3.50%"
"Jan 05, 2019","0.0414","0.0394","0.0416","0.0389","5.24K","5.12%"
"Jan 04, 2019","0.0394","0.0404","0.0404","0.0391","1.26K","-2.50%"
"Jan 03, 2019","0.0404","0.0417","0.0417","0.0403","49.17K","-3.16%"
"Jan 02, 2019","0.0417","0.0390","0.0417","0.0384","72.27K","6.95%"
"Jan 01, 2019","0.0390","0.0369","0.0393","0.0369","0.10K","5.72%"
"Dec 31, 2018","0.0369","0.0423","0.0423","0.0369","54.07K","-12.75%"
"Dec 30, 2018","0.0423","0.0423","0.0424","0.0422","8.46K","0.00%"
"Dec 29, 2018","0.0423","0.0423","0.0430","0.0420","10.76K","0.15%"
"Dec 28, 2018","0.0423","0.0390","0.0494","0.0376","132.40K","8.36%"
"Dec 27, 2018","0.0390","0.0390","0.0436","0.0387","43.15K","0.00%"
"Dec 26, 2018","0.0390","0.0452","0.0457","0.0389","71.81K","-13.70%"
"Dec 25, 2018","0.0452","0.0432","0.0808","0.0391","229.41K","4.69%"
"Dec 24, 2018","0.0432","0.0440","0.0550","0.0432","70.34K","-1.88%"
"Dec 23, 2018","0.0440","0.0421","0.0477","0.0421","52.39K","4.56%"
"Dec 22, 2018","0.0421","0.0402","0.0500","0.0402","74.08K","4.69%"
"Dec 21, 2018","0.0402","0.0425","0.0455","0.0402","54.29K","-5.36%"
"Dec 20, 2018","0.0425","0.0421","0.0461","0.0421","30.05K","1.00%"
"Dec 19, 2018","0.0421","0.0434","0.0458","0.0420","83.09K","-3.00%"
"Dec 18, 2018","0.0434","0.0419","0.0458","0.0401","133.72K","3.56%"
"Dec 17, 2018","0.0419","0.0400","0.0459","0.0400","70.80K","4.62%"
"Dec 16, 2018","0.0400","0.0391","0.0418","0.0389","7.52K","2.38%"
"Dec 15, 2018","0.0391","0.0419","0.0419","0.0381","43.82K","-6.73%"
"Dec 14, 2018","0.0419","0.0438","0.0438","0.0385","173.69K","-4.32%"
"Dec 13, 2018","0.0438","0.0501","0.0501","0.0438","74.94K","-12.60%"
"Dec 12, 2018","0.0501","0.0561","0.0561","0.0492","201.30K","-9.34%"
"Dec 11, 2018","0.0553","0.0611","0.1048","0.0529","369.87K","-9.48%"
"Dec 10, 2018","0.0611","0.0594","0.0611","0.0582","19.99K","2.74%"
"Dec 09, 2018","0.0594","0.0543","0.0689","0.0543","126.29K","9.51%"
"Dec 08, 2018","0.0543","0.0510","0.0560","0.0510","9.82K","6.50%"
"Dec 07, 2018","0.0510","0.0644","0.0644","0.0487","74.27K","-20.86%"
"Dec 06, 2018","0.0644","0.0683","0.0684","0.0626","11.95K","-5.74%"
"Dec 05, 2018","0.0683","0.0741","0.0741","0.0655","22.16K","-7.80%"
"Dec 04, 2018","0.0741","0.0610","0.0741","0.0610","48.83K","21.42%"
"Dec 03, 2018","0.0610","0.0673","0.0673","0.0610","19.56K","-9.26%"
"Dec 02, 2018","0.0673","0.0675","0.0741","0.0671","45.74K","-0.31%"
"Dec 01, 2018","0.0675","0.0645","0.0677","0.0639","21.88K","4.60%"
"Nov 30, 2018","0.0645","0.0682","0.0719","0.0632","45.86K","-5.44%"
"Nov 29, 2018","0.0682","0.0690","0.0743","0.0663","32.22K","-1.20%"
"Nov 28, 2018","0.0690","0.0570","0.0711","0.0570","26.32K","21.10%"
"Nov 27, 2018","0.0570","0.0568","0.0722","0.0565","53.68K","0.30%"
"Nov 26, 2018","0.0568","0.0608","0.0670","0.0560","32.93K","-6.48%"
"Nov 25, 2018","0.0608","0.0591","0.0608","0.0522","108.98K","2.77%"
"Nov 24, 2018","0.0591","0.0661","0.0661","0.0591","118.03K","-10.51%"
"Nov 23, 2018","0.0661","0.0653","0.0678","0.0632","26.16K","1.19%"
"Nov 22, 2018","0.0653","0.0698","0.0716","0.0653","14.54K","-6.51%"
"Nov 21, 2018","0.0698","0.0701","0.0744","0.0606","88.74K","-0.35%"
"Nov 20, 2018","0.0701","0.0908","0.0908","0.0626","134.81K","-22.78%"
"Nov 19, 2018","0.0908","0.1000","0.1000","0.0780","129.01K","-9.22%"
"Nov 18, 2018","0.1000","0.0997","0.1010","0.0912","12.97K","0.26%"
"Nov 17, 2018","0.0997","0.0982","0.0998","0.0980","15.95K","1.60%"
"Nov 16, 2018","0.0982","0.0957","0.1030","0.0931","37.60K","2.60%"
"Nov 15, 2018","0.0957","0.0921","0.0957","0.0838","46.23K","3.85%"
"Nov 14, 2018","0.0921","0.1119","0.1119","0.0871","305.78K","-17.69%"
"Nov 13, 2018","0.1119","0.1198","0.1232","0.1100","36.99K","-6.57%"
"Nov 12, 2018","0.1198","0.1255","0.1256","0.1169","70.12K","-4.58%"
"Nov 11, 2018","0.1255","0.1119","0.1316","0.1119","248.10K","12.16%"
"Nov 10, 2018","0.1119","0.1084","0.1142","0.1075","21.54K","3.24%"
"Nov 09, 2018","0.1084","0.1077","0.1235","0.1058","114.37K","0.67%"
"Nov 08, 2018","0.1077","0.0943","0.1121","0.0907","149.84K","14.22%"
"Nov 07, 2018","0.0943","0.0984","0.0999","0.0930","59.52K","-4.17%"
"Nov 06, 2018","0.0984","0.0905","0.0985","0.0892","77.43K","8.66%"
"Nov 05, 2018","0.0905","0.0840","0.0906","0.0839","61.70K","7.83%"
"Nov 04, 2018","0.0840","0.0852","0.0852","0.0804","59.35K","-1.43%"
"Nov 03, 2018","0.0852","0.0820","0.0999","0.0819","1.01M","3.85%"
"Nov 02, 2018","0.0820","0.0790","0.0821","0.0790","228.63K","3.85%"
"Nov 01, 2018","0.0790","0.0767","0.0803","0.0760","14.21K","3.01%"
"Oct 31, 2018","0.0767","0.0769","0.0812","0.0752","53.90K","-0.27%"
"Oct 30, 2018","0.0769","0.0754","0.0769","0.0743","2.41K","1.95%"
"Oct 29, 2018","0.0754","0.0821","0.0821","0.0724","156.58K","-8.14%"
"Oct 28, 2018","0.0821","0.0822","0.0822","0.0780","73.83K","-0.09%"
"Oct 27, 2018","0.0822","0.0823","0.0823","0.0808","494.17K","-0.15%"
"Oct 26, 2018","0.0823","0.0822","0.0823","0.0792","145.07K","0.10%"
"Oct 25, 2018","0.0822","0.0796","0.0822","0.0787","198.10K","3.29%"
"Oct 24, 2018","0.0796","0.0803","0.0822","0.0796","221.91K","-0.83%"
"Oct 23, 2018","0.0803","0.0887","0.0887","0.0800","22.99K","-9.51%"
"Oct 22, 2018","0.0887","0.0730","0.0891","0.0730","81.65K","21.48%"
"Oct 21, 2018","0.0730","0.0750","0.0794","0.0730","34.43K","-2.68%"
"Oct 20, 2018","0.0750","0.0711","0.0805","0.0711","34.38K","5.56%"
"Oct 19, 2018","0.0711","0.0680","0.0730","0.0665","84.87K","4.49%"
"Oct 18, 2018","0.0680","0.0728","0.0751","0.0675","38.61K","-6.58%"
"Oct 17, 2018","0.0728","0.0700","0.0780","0.0680","157.73K","3.99%"
"Oct 16, 2018","0.0700","0.0678","0.0700","0.0660","12.33K","3.22%"
"Oct 15, 2018","0.0678","0.0619","0.0700","0.0600","1.43M","9.59%"
"Oct 14, 2018","0.0619","0.0673","0.0679","0.0617","440.96K","-8.10%"
"Oct 13, 2018","0.0673","0.0691","0.0691","0.0630","5.40K","-2.55%"
"Oct 12, 2018","0.0691","0.0631","0.0691","0.0631","7.97K","9.52%"
"Oct 11, 2018","0.0631","0.0700","0.0700","0.0631","27.71K","-9.87%"
"Oct 10, 2018","0.0700","0.0671","0.0700","0.0671","5.90K","4.28%"
"Oct 09, 2018","0.0671","0.0674","0.0699","0.0671","3.36K","-0.42%"
"Oct 08, 2018","0.0674","0.0678","0.0693","0.0669","6.33K","-0.61%"
"Oct 07, 2018","0.0678","0.0670","0.0701","0.0670","1.16K","1.22%"
"Oct 06, 2018","0.0670","0.0660","0.0670","0.0660","4.67K","1.53%"
"Oct 05, 2018","0.0660","0.0700","0.0719","0.0660","9.32K","-5.71%"
"Oct 04, 2018","0.0700","0.0671","0.0737","0.0658","2.71K","4.27%"
"Oct 03, 2018","0.0671","0.0661","0.0699","0.0650","10.51K","-3.38%"
"Oct 02, 2018","0.0695","0.0673","0.0695","0.0663","3.47K","3.32%"
"Oct 01, 2018","0.0673","0.0679","0.0681","0.0671","2.50K","-1.00%"
"Sep 30, 2018","0.0679","0.0686","0.0686","0.0664","3.82K","-0.91%"
"Sep 29, 2018","0.0686","0.0721","0.0721","0.0686","0.35K","-4.88%"
"Sep 28, 2018","0.0721","0.0764","0.0769","0.0657","23.11K","-5.63%"
"Sep 27, 2018","0.0764","0.0662","0.0765","0.0654","27.96K","15.35%"
"Sep 26, 2018","0.0662","0.0689","0.0724","0.0662","7.71K","-3.88%"
"Sep 25, 2018","0.0689","0.0698","0.0702","0.0669","7.76K","-1.36%"
"Sep 24, 2018","0.0698","0.0711","0.0712","0.0691","7.41K","-1.83%"
"Sep 23, 2018","0.0711","0.0700","0.0789","0.0700","124.52K","1.65%"
"Sep 22, 2018","0.0700","0.0701","0.0701","0.0696","21.61K","-0.17%"
"Sep 21, 2018","0.0701","0.0677","0.0701","0.0654","112.82K","3.59%"
"Sep 20, 2018","0.0677","0.0662","0.0683","0.0638","48.66K","2.21%"
"Sep 19, 2018","0.0662","0.0591","0.0671","0.0590","32.68K","11.98%"
"Sep 18, 2018","0.0591","0.0575","0.0626","0.0570","6.55K","2.79%"
"Sep 17, 2018","0.0575","0.0620","0.0639","0.0575","76.96K","-7.26%"
"Sep 16, 2018","0.0620","0.0616","0.0630","0.0584","172.17K","0.75%"
"Sep 15, 2018","0.0616","0.0578","0.0616","0.0570","162.05K","6.47%"
"Sep 14, 2018","0.0578","0.0649","0.0649","0.0574","20.56K","-10.98%"
"Sep 13, 2018","0.0649","0.0577","0.0655","0.0565","22.08K","12.55%"
"Sep 12, 2018","0.0577","0.0587","0.0590","0.0565","24.51K","-1.66%"
"Sep 11, 2018","0.0587","0.0658","0.0658","0.0587","47.99K","-10.83%"
"Sep 10, 2018","0.0658","0.0654","0.0673","0.0640","9.42K","0.64%"
"Sep 09, 2018","0.0654","0.0614","0.0668","0.0609","8.61K","6.54%"
"Sep 08, 2018","0.0614","0.0645","0.0685","0.0613","48.25K","-4.82%"
"Sep 07, 2018","0.0645","0.0682","0.0705","0.0633","113.37K","-5.47%"
"Sep 06, 2018","0.0682","0.0694","0.0719","0.0602","367.48K","-1.68%"
"Sep 05, 2018","0.0694","0.0838","0.0868","0.0694","21.27K","-17.19%"
"Sep 04, 2018","0.0838","0.0810","0.0846","0.0801","14.77K","3.42%"
"Sep 03, 2018","0.0810","0.0822","0.0822","0.0760","27.55K","-1.43%"
"Sep 02, 2018","0.0822","0.0825","0.0888","0.0772","69.93K","-0.33%"
"Sep 01, 2018","0.0825","0.0776","0.0825","0.0762","23.73K","6.29%"
"Aug 31, 2018","0.0776","0.0732","0.0777","0.0729","18.07K","6.01%"
"Aug 30, 2018","0.0732","0.0778","0.0803","0.0732","26.14K","-5.88%"
"Aug 29, 2018","0.0778","0.0766","0.0849","0.0766","34.18K","1.50%"
"Aug 28, 2018","0.0766","0.0798","0.0852","0.0766","79.46K","-3.96%"
"Aug 27, 2018","0.0798","0.0709","0.0798","0.0709","60.62K","12.51%"
"Aug 26, 2018","0.0709","0.0730","0.0739","0.0709","4.82K","-2.84%"
"Aug 25, 2018","0.0730","0.0726","0.0730","0.0685","5.58K","0.48%"
"Aug 24, 2018","0.0726","0.0708","0.0726","0.0690","22.24K","2.53%"
"Aug 23, 2018","0.0708","0.0684","0.0724","0.0674","107.02K","3.56%"
"Aug 22, 2018","0.0684","0.0716","0.0739","0.0666","145.34K","-4.42%"
"Aug 21, 2018","0.0716","0.0700","0.0722","0.0700","66.99K","2.24%"
"Aug 20, 2018","0.0700","0.0777","0.0778","0.0699","53.46K","-9.89%"
"Aug 19, 2018","0.0777","0.0722","0.0777","0.0719","30.09K","7.55%"
"Aug 18, 2018","0.0722","0.0747","0.0791","0.0708","59.89K","-3.38%"
"Aug 17, 2018","0.0747","0.0698","0.0753","0.0663","140.17K","7.04%"
"Aug 16, 2018","0.0698","0.0734","0.0738","0.0681","178.85K","-4.81%"
"Aug 15, 2018","0.0734","0.0692","0.0748","0.0692","131.69K","6.05%"
"Aug 14, 2018","0.0692","0.0700","0.0700","0.0617","280.87K","-1.19%"
"Aug 13, 2018","0.0700","0.0860","0.0860","0.0700","182.55K","-18.57%"
"Aug 12, 2018","0.0860","0.0852","0.0860","0.0824","19.20K","0.95%"
"Aug 11, 2018","0.0852","0.0862","0.0863","0.0789","211.51K","-1.21%"
"Aug 10, 2018","0.0862","0.0934","0.0934","0.0862","55.29K","-7.65%"
"Aug 09, 2018","0.0934","0.0852","0.0952","0.0852","63.67K","9.54%"
"Aug 08, 2018","0.0852","0.0973","0.0998","0.0852","254.01K","-12.42%"
"Aug 07, 2018","0.0973","0.1082","0.1110","0.0973","70.82K","-10.10%"
"Aug 06, 2018","0.1082","0.1069","0.1146","0.1049","78.36K","1.22%"
"Aug 05, 2018","0.1069","0.0968","0.1092","0.0967","32.84K","10.45%"
"Aug 04, 2018","0.0968","0.1068","0.1080","0.0967","21.02K","-9.38%"
"Aug 03, 2018","0.1068","0.1080","0.1101","0.0962","59.98K","-1.07%"
"Aug 02, 2018","0.1080","0.1151","0.1200","0.1021","111.20K","-6.18%"
"Aug 01, 2018","0.1151","0.1222","0.1222","0.1115","53.87K","-5.79%"
"Jul 31, 2018","0.1222","0.1340","0.1368","0.1106","569.55K","-8.82%"
"Jul 30, 2018","0.1340","0.1381","0.1500","0.1340","153.78K","-2.99%"
"Jul 29, 2018","0.1381","0.1370","0.1484","0.1287","72.34K","0.81%"
"Jul 28, 2018","0.1370","0.1365","0.1518","0.1350","74.96K","0.37%"
"Jul 27, 2018","0.1365","0.1342","0.1409","0.1341","7.46K","1.74%"
"Jul 26, 2018","0.1342","0.1378","0.1565","0.1326","156.58K","-2.63%"
"Jul 25, 2018","0.1378","0.1350","0.1416","0.1330","82.74K","2.09%"
"Jul 24, 2018","0.1350","0.1319","0.1350","0.1275","21.50K","2.34%"
"Jul 23, 2018","0.1319","0.1336","0.1509","0.1288","70.34K","-1.33%"
"Jul 22, 2018","0.1336","0.1352","0.1379","0.1336","4.08K","-1.18%"
"Jul 21, 2018","0.1352","0.1266","0.1352","0.1258","5.52K","6.80%"
"Jul 20, 2018","0.1266","0.1389","0.1389","0.1266","109.52K","-8.84%"
"Jul 19, 2018","0.1389","0.1432","0.1457","0.1350","66.78K","-2.97%"
"Jul 18, 2018","0.1432","0.1569","0.1573","0.1431","86.20K","-8.76%"
"Jul 17, 2018","0.1569","0.1348","0.1623","0.1309","311.99K","16.43%"
"Jul 16, 2018","0.1348","0.1191","0.1362","0.1188","183.50K","13.11%"
"Jul 15, 2018","0.1191","0.1156","0.1444","0.1127","10.56K","3.08%"
"Jul 14, 2018","0.1156","0.1077","0.1156","0.1061","75.28K","7.36%"
"Jul 13, 2018","0.1077","0.1157","0.1235","0.1063","230.72K","-6.93%"
"Jul 12, 2018","0.1157","0.1202","0.1247","0.1090","88.36K","-3.73%"
"Jul 11, 2018","0.1202","0.1174","0.1320","0.0992","238.29K","2.33%"
"Jul 10, 2018","0.1174","0.1240","0.1261","0.1076","483.05K","-5.29%"
"Jul 09, 2018","0.1240","0.1300","0.1545","0.1211","109.64K","-4.62%"
"Jul 08, 2018","0.1300","0.1300","0.1318","0.1252","92.11K","0.00%"
"Jul 07, 2018","0.1300","0.1186","0.1300","0.1095","102.18K","9.63%"
"Jul 06, 2018","0.1186","0.1267","0.1273","0.1129","294.27K","-6.39%"
"Jul 05, 2018","0.1267","0.1349","0.1460","0.1254","497.47K","-6.13%"
"Jul 04, 2018","0.1349","0.1365","0.1509","0.1253","570.89K","-1.16%"
"Jul 03, 2018","0.1365","0.1312","0.1804","0.1312","713.74K","4.06%"
"Jul 02, 2018","0.1312","0.1276","0.1510","0.0094","338.12K","1.26%"
"Jul 01, 2018","0.1296","0.1142","0.1296","0.1059","128.55K","13.44%"
"Jun 30, 2018","0.1142","0.0961","0.1277","0.0906","827.80K","18.82%"
"Jun 29, 2018","0.0961","0.0953","0.0961","0.0805","414.99K","1.39%"
"Jun 28, 2018","0.0948","0.0989","0.1106","0.0810","558.33K","-4.03%"
"Jun 27, 2018","0.0988","0.1049","0.1072","0.0950","167.96K","-5.86%"
"Jun 26, 2018","0.1049","0.1207","0.1228","0.1047","170.25K","-13.57%"
"Jun 25, 2018","0.1214","0.1320","0.1337","0.1104","272.16K","-8.06%"
"Jun 24, 2018","0.1320","0.1118","0.1320","0.1049","82.21K","18.15%"
"Jun 23, 2018","0.1118","0.1186","0.1210","0.1117","50.84K","-5.87%"
"Jun 22, 2018","0.1187","0.1298","0.1325","0.1126","351.33K","-9.80%"
"Jun 21, 2018","0.1316","0.1215","0.1443","0.1205","282.04K","8.87%"
"Jun 20, 2018","0.1209","0.1257","0.1257","0.1143","176.28K","-3.78%"
"Jun 19, 2018","0.1257","0.1179","0.1291","0.1179","53.12K","6.60%"
"Jun 18, 2018","0.1179","0.1189","0.1210","0.1119","105.40K","-0.85%"
"Jun 17, 2018","0.1189","0.1221","0.1270","0.1182","70.83K","-2.66%"
"Jun 16, 2018","0.1221","0.1231","0.1231","0.1206","15.99K","-0.76%"
"Jun 15, 2018","0.1231","0.1270","0.1292","0.1231","48.23K","-3.12%"
"Jun 14, 2018","0.1270","0.1221","0.1323","0.1221","168.50K","4.91%"
"Jun 13, 2018","0.1211","0.1329","0.1391","0.1197","138.68K","-8.85%"
"Jun 12, 2018","0.1328","0.1465","0.1497","0.1328","105.10K","-9.34%"
"Jun 11, 2018","0.1465","0.1436","0.1494","0.1365","117.55K","2.17%"
"Jun 10, 2018","0.1434","0.1710","0.1869","0.1344","164.65K","-16.00%"
"Jun 09, 2018","0.1707","0.1760","0.1804","0.1707","45.58K","-3.08%"
"Jun 08, 2018","0.1762","0.1843","0.1917","0.1713","48.59K","-4.41%"
"Jun 07, 2018","0.1843","0.1835","0.1916","0.1819","45.26K","0.44%"
"Jun 06, 2018","0.1835","0.1906","0.1926","0.1810","39.25K","-3.73%"
"Jun 05, 2018","0.1906","0.1820","0.1921","0.1780","37.05K","4.70%"
"Jun 04, 2018","0.1820","0.1976","0.2046","0.1563","147.70K","-6.41%"
"Jun 03, 2018","0.1945","0.2003","0.2083","0.1870","93.11K","-2.89%"
"Jun 02, 2018","0.2003","0.1868","0.2006","0.1868","120.63K","7.22%"
"Jun 01, 2018","0.1868","0.1967","0.2044","0.1827","129.79K","-4.32%"
"May 31, 2018","0.1952","0.1809","0.1989","0.1530","43.02K","7.95%"
"May 30, 2018","0.1809","0.1860","0.1962","0.1784","82.94K","-2.50%"
"May 29, 2018","0.1855","0.1752","0.2110","0.1660","247.55K","5.90%"
"May 28, 2018","0.1752","0.1934","0.1958","0.1710","86.56K","-9.44%"
"May 27, 2018","0.1934","0.1898","0.2056","0.1893","27.57K","1.87%"
"May 26, 2018","0.1899","0.1999","0.2067","0.1859","40.99K","-4.89%"
"May 25, 2018","0.1996","0.2027","0.2086","0.1923","68.42K","-1.52%"
"May 24, 2018","0.2027","0.1929","0.2049","0.1801","134.43K","5.06%"
"May 23, 2018","0.1929","0.2103","0.2174","0.1800","532.22K","-8.44%"
"May 22, 2018","0.2107","0.2367","0.2451","0.2102","205.21K","-10.98%"
"May 21, 2018","0.2367","0.2585","0.2728","0.2367","84.65K","-8.42%"
"May 20, 2018","0.2585","0.2521","0.2870","0.2509","70.57K","2.52%"
"May 19, 2018","0.2521","0.2577","0.2621","0.2503","37.59K","-2.17%"
"May 18, 2018","0.2577","0.2511","0.2598","0.2322","144.12K","-3.58%"
"May 17, 2018","0.2673","0.2748","0.2938","0.2311","453.20K","-2.74%"
"May 16, 2018","0.2748","0.2793","0.3303","0.2601","716.25K","-1.61%"
"May 15, 2018","0.2793","0.2786","0.3000","0.2704","171.01K","3.33%"
"May 14, 2018","0.2703","0.2782","0.2998","0.2409","210.30K","-2.84%"
"May 13, 2018","0.2782","0.2486","0.2981","0.2401","170.42K","13.25%"
"May 12, 2018","0.2457","0.2599","0.2648","0.2327","129.48K","-5.46%"
"May 11, 2018","0.2599","0.3005","0.3050","0.2257","407.55K","-13.52%"
"May 10, 2018","0.3005","0.3204","0.3357","0.3005","127.55K","-6.22%"
"May 09, 2018","0.3204","0.3392","0.3406","0.3127","120.47K","-5.52%"
"May 08, 2018","0.3392","0.3538","0.3539","0.3295","153.34K","-2.81%"
"May 07, 2018","0.3490","0.3767","0.3774","0.3281","214.71K","-7.37%"
"May 06, 2018","0.3767","0.3934","0.3941","0.3564","151.17K","-4.23%"
"May 05, 2018","0.3934","0.3903","0.4078","0.3814","149.50K","0.80%"
"May 04, 2018","0.3903","0.4105","0.4245","0.3698","262.29K","-7.75%"
"May 03, 2018","0.4231","0.3817","0.4643","0.3528","1.11M","10.84%"
"May 02, 2018","0.3817","0.3452","0.6935","0.3386","515.78K","10.56%"
"May 01, 2018","0.3452","0.3452","0.3508","0.3239","123.02K","0.00%"
"Apr 30, 2018","0.3452","0.0262","0.3693","0.0255","239.86K","-3.26%"
"Apr 29, 2018","0.3568","0.3694","0.3909","0.3418","-","-3.56%"
"Apr 28, 2018","0.3700","0.3528","0.3985","0.3267","-","4.75%"
"Apr 27, 2018","0.3532","0.3357","0.3757","0.3291","-","5.07%"
"Apr 26, 2018","0.3362","0.3197","0.3709","0.2973","-","4.87%"
"Apr 25, 2018","0.3206","0.3935","0.4199","0.2993","-","-18.49%"
"Apr 24, 2018","0.3933","0.3370","0.4321","0.3049","-","16.67%"
"Apr 23, 2018","0.3371","0.3303","0.3491","0.3171","-","2.10%"
"Apr 22, 2018","0.3302","0.3375","0.3747","0.3034","-","-2.12%"
"Apr 21, 2018","0.3373","0.3855","0.4063","0.3083","-","-12.40%"
"Apr 20, 2018","0.3851","0.3865","0.4489","0.3393","-","-0.39%"
"Apr 19, 2018","0.3866","0.3257","0.4306","0.3004","-","18.64%"
"Apr 18, 2018","0.3258","0.2844","0.3681","0.2591","-","14.43%"
"Apr 17, 2018","0.2847","0.2490","0.2909","0.2450","-","14.30%"
"Apr 16, 2018","0.2491","0.2493","0.2617","0.2311","-","0.08%"
"Apr 15, 2018","0.2489","0.2216","0.2746","0.2042","-","12.18%"
"Apr 14, 2018","0.2219","0.2151","0.2403","0.1983","-","3.28%"
"Apr 13, 2018","0.2148","0.2047","0.2347","0.1871","-","4.91%"
"Apr 12, 2018","0.2048","0.1784","0.2453","0.1528","-","14.72%"
"Apr 11, 2018","0.1785","0.1757","0.1854","0.1700","-","1.59%"
"Apr 10, 2018","0.1757","0.1604","0.1823","0.1522","-","9.73%"
"Apr 09, 2018","0.1601","0.1669","0.1856","0.1514","-","-4.06%"
"Apr 08, 2018","0.1669","0.1642","0.1751","0.1575","-","1.52%"
"Apr 07, 2018","0.1644","0.1511","0.1698","0.1442","-","8.76%"
"Apr 06, 2018","0.1512","0.1544","0.1609","0.1459","-","-1.92%"
"Apr 05, 2018","0.1541","0.1540","0.1586","0.1463","-","-0.07%"
"Apr 04, 2018","0.1542","0.1644","0.1698","0.1462","-","-6.05%"
"Apr 03, 2018","0.1642","0.1379","0.1798","0.1255","-","19.07%"
"Apr 02, 2018","0.1379","0.1313","0.1519","0.1255","-","5.07%"
"Apr 01, 2018","0.1312","0.1383","0.1491","0.1215","-","-5.14%"
"Mar 31, 2018","0.1383","0.1411","0.1525","0.1195","-","-2.07%"
"Mar 30, 2018","0.1413","0.1411","0.1533","0.1257","-","0.11%"
"Mar 29, 2018","0.1411","0.1601","0.1796","0.1267","-","-11.82%"
"Mar 28, 2018","0.1600","0.1380","0.1671","0.1306","-","15.74%"
"Mar 27, 2018","0.1383","0.1612","0.1687","0.1321","-","-14.02%"
"Mar 26, 2018","0.1608","0.1729","0.1838","0.1404","-","-7.06%"
"Mar 25, 2018","0.1730","0.1707","0.1796","0.1665","-","1.42%"
"Mar 24, 2018","0.1706","0.1638","0.1888","0.1582","-","4.46%"
"Mar 23, 2018","0.1633","0.1693","0.1852","0.1454","-","-3.76%"
"Mar 22, 2018","0.1697","0.1741","0.1847","0.1417","-","-2.43%"
"Mar 21, 2018","0.1739","0.1539","0.1905","0.1446","-","13.20%"
"Mar 20, 2018","0.1536","0.1347","0.1709","0.1256","-","13.54%"
"Mar 19, 2018","0.1353","0.1167","0.1519","0.1083","-","16.02%"
"Mar 18, 2018","0.1166","0.1294","0.1633","0.0909","-","-10.06%"
"Mar 17, 2018","0.1297","0.1405","0.1540","0.1142","-","-8.64%"
"Mar 16, 2018","0.1419","0.1403","0.1505","0.1226","-","1.03%"
"Mar 15, 2018","0.1405","0.1505","0.1995","0.1232","-","-6.62%"
"Mar 14, 2018","0.1504","0.1924","0.2065","0.1419","-","-21.77%"
"Mar 13, 2018","0.1923","0.1836","0.2078","0.1591","-","4.90%"
"Mar 12, 2018","0.1833","0.2014","0.2207","0.1815","-","-8.90%"
"Mar 11, 2018","0.2012","0.1819","0.2432","0.1685","-","10.65%"
"Mar 10, 2018","0.1819","0.1817","0.2226","0.1752","-","-0.08%"
"Mar 09, 2018","0.1820","0.2054","0.2238","0.1492","-","-11.34%"
"Mar 08, 2018","0.2053","0.2299","0.2482","0.1979","-","-10.65%"
"Mar 07, 2018","0.2297","0.2796","0.2853","0.1935","-","-14.66%"
"Mar 06, 2018","0.2692","0.2987","0.2991","0.2692","-","-8.72%"
"Mar 05, 2018","0.2949","0.3273","0.3273","0.2947","-","-11.02%"
"Mar 04, 2018","0.3314","0.3039","0.3314","0.2932","-","8.87%"
"Mar 03, 2018","0.3044","0.2874","0.3125","0.2981","-","7.45%"
"Mar 02, 2018","0.2833","0.3059","0.3098","0.2823","-","-7.56%"
"Mar 01, 2018","0.3064","0.2891","0.3095","0.2977","-","8.13%"
"Feb 28, 2018","0.2834","0.3322","0.3401","0.2825","-","-15.12%"
"Feb 27, 2018","0.3339","0.3471","0.3486","0.3158","-","-3.45%"
"Feb 26, 2018","0.3458","0.3456","0.3726","0.3189","-","-0.57%"